transaction_id,customer_id,timestamp,amount,merchant_category,location,device_id,is_synthetic_anomaly,anomaly_type
TXN-81475,CUST-1041,2026-06-01 07:55:00,1076.57,Electronics,Delhi,DEV-CUST-1041-A,no,none
TXN-80522,CUST-1016,2026-06-01 08:24:00,656.21,Online Marketplace,Ahmedabad,DEV-CUST-1016-A,no,none
TXN-80588,CUST-1018,2026-06-01 08:34:00,3897.53,Fuel,Mumbai,DEV-CUST-1018-A,no,none
TXN-81305,CUST-1037,2026-06-01 10:35:00,635.77,Utilities,Bangalore,DEV-CUST-1037-B,no,none
TXN-81584,CUST-1045,2026-06-01 11:49:00,888.32,Grocery,Chennai,DEV-CUST-1045-A,no,none
TXN-81650,CUST-1047,2026-06-01 11:49:00,4003.58,Retail,Delhi,DEV-CUST-1047-A,no,none
TXN-80014,CUST-1001,2026-06-01 13:23:00,542.5,Dining,Delhi,DEV-CUST-1001-A,no,none
TXN-81643,CUST-1046,2026-06-01 14:01:00,3626.07,Electronics,Chennai,DEV-CUST-1046-B,no,none
TXN-81504,CUST-1042,2026-06-01 17:01:00,481.66,Entertainment,Hyderabad,DEV-CUST-1042-A,no,none
TXN-81730,CUST-1049,2026-06-01 18:50:00,482.06,Grocery,Mumbai,DEV-CUST-1049-A,no,none
TXN-81579,CUST-1044,2026-06-01 19:13:00,3773.14,Retail,Pune,DEV-CUST-1044-A,no,none
TXN-80353,CUST-1011,2026-06-01 20:00:00,2516.26,Retail,Ahmedabad,DEV-CUST-1011-A,no,none
TXN-80476,CUST-1015,2026-06-01 20:01:00,2097.85,Retail,Chennai,DEV-CUST-1015-A,no,none
TXN-81732,CUST-1049,2026-06-01 20:02:00,373.12,Grocery,Mumbai,DEV-CUST-1049-A,no,none
TXN-81088,CUST-1031,2026-06-01 20:40:00,1554.74,Online Marketplace,Kolkata,DEV-CUST-1031-A,no,none
TXN-81501,CUST-1042,2026-06-01 21:55:00,784.59,Fuel,Hyderabad,DEV-CUST-1042-A,no,none
TXN-81377,CUST-1038,2026-06-02 09:22:00,3925.22,Entertainment,Mumbai,DEV-CUST-1038-A,no,none
TXN-81364,CUST-1038,2026-06-02 09:37:00,3374.25,Online Marketplace,Mumbai,DEV-CUST-1038-A,no,none
TXN-80605,CUST-1018,2026-06-02 09:58:00,4378.97,Grocery,Mumbai,DEV-CUST-1018-A,no,none
TXN-81638,CUST-1046,2026-06-02 10:34:00,3865.6,Electronics,Chennai,DEV-CUST-1046-A,no,none
TXN-80100,CUST-1003,2026-06-02 11:26:00,1156.2,Utilities,Delhi,DEV-CUST-1003-A,no,none
TXN-81103,CUST-1031,2026-06-02 11:33:00,1646.69,Travel,Kolkata,DEV-CUST-1031-A,no,none
TXN-81714,CUST-1049,2026-06-02 11:57:00,360.37,Online Marketplace,Mumbai,DEV-CUST-1049-A,no,none
TXN-81243,CUST-1035,2026-06-02 12:41:00,1116.69,Pharmacy,Kolkata,DEV-CUST-1035-A,no,none
TXN-80727,CUST-1022,2026-06-02 13:54:00,900.94,Grocery,Delhi,DEV-CUST-1022-A,no,none
TXN-80791,CUST-1023,2026-06-02 14:05:00,702.24,Dining,Delhi,DEV-CUST-1023-A,no,none
TXN-80618,CUST-1018,2026-06-02 14:42:00,3642.01,Retail,Mumbai,DEV-CUST-1018-A,no,none
TXN-80521,CUST-1016,2026-06-02 15:13:00,600.16,Online Marketplace,Ahmedabad,DEV-CUST-1016-A,no,none
TXN-80300,CUST-1010,2026-06-02 16:36:00,2631.63,Electronics,Pune,DEV-CUST-1010-B,no,none
TXN-80589,CUST-1018,2026-06-02 17:48:00,3784.17,Utilities,Mumbai,DEV-CUST-1018-A,no,none
TXN-80442,CUST-1014,2026-06-02 17:52:00,1019.31,Utilities,Ahmedabad,DEV-CUST-1014-B,no,none
TXN-81681,CUST-1048,2026-06-02 18:48:00,3321.73,Utilities,Pune,DEV-CUST-1048-A,no,none
TXN-80140,CUST-1004,2026-06-02 18:50:00,1194.43,Grocery,Kolkata,DEV-CUST-1004-A,no,none
TXN-80892,CUST-1026,2026-06-02 21:31:00,559.65,Utilities,Pune,DEV-CUST-1026-A,no,none
TXN-81202,CUST-1034,2026-06-02 22:08:00,798.36,Travel,Delhi,DEV-CUST-1034-A,no,none
TXN-80455,CUST-1014,2026-06-03 09:00:00,895.09,Utilities,Ahmedabad,DEV-CUST-1014-B,no,none
TXN-80595,CUST-1018,2026-06-03 12:07:00,2651.44,Utilities,Mumbai,DEV-CUST-1018-A,no,none
TXN-80141,CUST-1004,2026-06-03 12:16:00,1250.34,Pharmacy,Kolkata,DEV-CUST-1004-A,no,none
TXN-81159,CUST-1033,2026-06-03 12:36:00,1138.28,Entertainment,Bangalore,DEV-CUST-1033-B,no,none
TXN-81226,CUST-1035,2026-06-03 13:10:00,2848.25,Dining,Kolkata,DEV-CUST-1035-A,no,none
TXN-80703,CUST-1021,2026-06-03 14:02:00,1109.24,Retail,Hyderabad,DEV-CUST-1021-A,no,none
TXN-80210,CUST-1007,2026-06-03 15:13:00,1328.02,Online Marketplace,Delhi,DEV-CUST-1007-B,no,none
TXN-81341,CUST-1038,2026-06-03 15:43:00,4225.11,Online Marketplace,Mumbai,DEV-CUST-1038-A,no,none
TXN-81633,CUST-1046,2026-06-03 16:10:00,4712.3,Fuel,Chennai,DEV-CUST-1046-A,no,none
TXN-80851,CUST-1025,2026-06-03 17:13:00,3462.14,Utilities,Pune,DEV-CUST-1025-A,no,none
TXN-80399,CUST-1013,2026-06-03 17:41:00,3366.92,Pharmacy,Pune,DEV-CUST-1013-A,no,none
TXN-80812,CUST-1024,2026-06-03 18:49:00,3505.64,Fuel,Bangalore,DEV-CUST-1024-A,no,none
TXN-80806,CUST-1024,2026-06-03 19:22:00,2071.8,Fuel,Bangalore,DEV-CUST-1024-A,no,none
TXN-80764,CUST-1022,2026-06-03 20:07:00,942.61,Grocery,Delhi,DEV-CUST-1022-A,no,none
TXN-81022,CUST-1029,2026-06-03 22:05:00,4496.94,Dining,Chennai,DEV-CUST-1029-A,no,none
TXN-81049,CUST-1030,2026-06-03 22:42:00,1563.05,Pharmacy,Ahmedabad,DEV-CUST-1030-B,no,none
TXN-81110,CUST-1031,2026-06-03 22:48:00,1743.96,Travel,Kolkata,DEV-CUST-1031-A,no,none
TXN-81320,CUST-1037,2026-06-04 08:19:00,1171.46,Utilities,Bangalore,DEV-CUST-1037-A,no,none
TXN-80105,CUST-1004,2026-06-04 08:20:00,953.6,Dining,Kolkata,DEV-CUST-1004-A,no,none
TXN-81221,CUST-1034,2026-06-04 09:29:00,706.93,Utilities,Delhi,DEV-CUST-1034-A,no,none
TXN-80011,CUST-1001,2026-06-04 10:56:00,692.46,Dining,Delhi,DEV-CUST-1001-A,no,none
TXN-81664,CUST-1047,2026-06-04 11:23:00,3011.39,Fuel,Delhi,DEV-CUST-1047-A,no,none
TXN-81740,CUST-1050,2026-06-04 11:29:00,2999.65,Utilities,Bangalore,DEV-CUST-1050-A,no,none
TXN-80232,CUST-1007,2026-06-04 11:54:00,1395.74,Travel,Delhi,DEV-CUST-1007-B,no,none
TXN-81246,CUST-1035,2026-06-04 13:30:00,2019.79,Pharmacy,Kolkata,DEV-CUST-1035-A,no,none
TXN-81557,CUST-1044,2026-06-04 14:04:00,2402.94,Retail,Pune,DEV-CUST-1044-B,no,none
TXN-81165,CUST-1033,2026-06-04 14:51:00,2034.46,Entertainment,Bangalore,DEV-CUST-1033-B,no,none
TXN-80503,CUST-1015,2026-06-04 15:03:00,3856.09,Travel,Chennai,DEV-CUST-1015-A,no,none
TXN-81144,CUST-1033,2026-06-04 17:24:00,1824.06,Travel,Bangalore,DEV-CUST-1033-B,no,none
TXN-80465,CUST-1014,2026-06-04 17:51:00,652.48,Online Marketplace,Ahmedabad,DEV-CUST-1014-A,no,none
TXN-81355,CUST-1038,2026-06-04 17:53:00,3498.92,Online Marketplace,Mumbai,DEV-CUST-1038-A,no,none
TXN-80035,CUST-1001,2026-06-04 19:21:00,469.06,Travel,Delhi,DEV-CUST-1001-A,no,none
TXN-81078,CUST-1031,2026-06-04 19:39:00,1816.95,Electronics,Kolkata,DEV-CUST-1031-A,no,none
TXN-81074,CUST-1030,2026-06-04 19:59:00,2190.15,Retail,Ahmedabad,DEV-CUST-1030-A,no,none
TXN-81033,CUST-1029,2026-06-04 22:32:00,4885.48,Pharmacy,Chennai,DEV-CUST-1029-A,no,none
TXN-81435,CUST-1040,2026-06-05 07:16:00,4967.44,Travel,Delhi,DEV-CUST-1040-A,no,none
TXN-80233,CUST-1007,2026-06-05 11:04:00,1856.93,Retail,Delhi,DEV-CUST-1007-B,no,none
TXN-80914,CUST-1026,2026-06-05 11:30:00,460.34,Online Marketplace,Pune,DEV-CUST-1026-B,no,none
TXN-81704,CUST-1049,2026-06-05 11:30:00,437.02,Grocery,Mumbai,DEV-CUST-1049-A,no,none
TXN-80549,CUST-1017,2026-06-05 12:17:00,1788.88,Fuel,Kolkata,DEV-CUST-1017-B,no,none
TXN-81008,CUST-1029,2026-06-05 13:01:00,4129.56,Entertainment,Chennai,DEV-CUST-1029-A,no,none
TXN-81441,CUST-1040,2026-06-05 13:28:00,2953.11,Grocery,Delhi,DEV-CUST-1040-A,no,none
TXN-81717,CUST-1049,2026-06-05 13:47:00,755.25,Retail,Mumbai,DEV-CUST-1049-A,no,none
TXN-80072,CUST-1002,2026-06-05 14:18:00,3516.1,Grocery,Delhi,DEV-CUST-1002-A,no,none
TXN-80728,CUST-1022,2026-06-05 14:39:00,748.54,Travel,Delhi,DEV-CUST-1022-A,no,none
TXN-80498,CUST-1015,2026-06-05 14:41:00,3117.72,Travel,Chennai,DEV-CUST-1015-A,no,none
TXN-80416,CUST-1013,2026-06-05 15:14:00,3200.25,Pharmacy,Pune,DEV-CUST-1013-A,no,none
TXN-80920,CUST-1026,2026-06-05 15:26:00,646.65,Online Marketplace,Pune,DEV-CUST-1026-B,no,none
TXN-80687,CUST-1021,2026-06-05 15:34:00,1120.36,Retail,Hyderabad,DEV-CUST-1021-A,no,none
TXN-80525,CUST-1016,2026-06-05 16:01:00,445.49,Dining,Ahmedabad,DEV-CUST-1016-A,no,none
TXN-80129,CUST-1004,2026-06-05 16:31:00,1022.71,Pharmacy,Kolkata,DEV-CUST-1004-A,no,none
TXN-80830,CUST-1024,2026-06-05 16:38:00,3272.56,Dining,Bangalore,DEV-CUST-1024-A,no,none
TXN-81010,CUST-1029,2026-06-05 17:03:00,3310.85,Travel,Chennai,DEV-CUST-1029-A,no,none
TXN-80836,CUST-1024,2026-06-05 19:05:00,3610.94,Dining,Bangalore,DEV-CUST-1024-A,no,none
TXN-81000,CUST-1028,2026-06-05 19:17:00,706.56,Utilities,Delhi,DEV-CUST-1028-A,no,none
TXN-80550,CUST-1017,2026-06-05 19:56:00,2996.62,Entertainment,Kolkata,DEV-CUST-1017-A,no,none
TXN-81137,CUST-1032,2026-06-05 20:56:00,726.99,Entertainment,Hyderabad,DEV-CUST-1032-B,no,none
TXN-80558,CUST-1017,2026-06-05 21:03:00,3606.7,Entertainment,Kolkata,DEV-CUST-1017-A,no,none
TXN-80833,CUST-1024,2026-06-05 21:22:00,3881.97,Fuel,Bangalore,DEV-CUST-1024-A,no,none
TXN-80926,CUST-1026,2026-06-05 21:24:00,869.87,Online Marketplace,Pune,DEV-CUST-1026-A,no,none
TXN-81415,CUST-1040,2026-06-05 22:01:00,3628.64,Travel,Delhi,DEV-CUST-1040-A,no,none
TXN-81253,CUST-1035,2026-06-05 22:25:00,1200.52,Pharmacy,Kolkata,DEV-CUST-1035-A,no,none
TXN-80673,CUST-1020,2026-06-06 07:36:00,1862.93,Fuel,Bangalore,DEV-CUST-1020-A,no,none
TXN-81328,CUST-1037,2026-06-06 07:52:00,863.8,Utilities,Bangalore,DEV-CUST-1037-B,no,none
TXN-81680,CUST-1048,2026-06-06 08:20:00,3335.09,Utilities,Pune,DEV-CUST-1048-A,no,none
TXN-80062,CUST-1002,2026-06-06 08:35:00,4069.38,Grocery,Delhi,DEV-CUST-1002-A,no,none
TXN-81617,CUST-1045,2026-06-06 08:50:00,1043.97,Retail,Chennai,DEV-CUST-1045-A,no,none
TXN-81451,CUST-1041,2026-06-06 09:56:00,1874.82,Electronics,Delhi,DEV-CUST-1041-A,no,none
TXN-80928,CUST-1026,2026-06-06 10:33:00,527.86,Utilities,Pune,DEV-CUST-1026-A,no,none
TXN-81647,CUST-1046,2026-06-06 11:11:00,2787.97,Fuel,Chennai,DEV-CUST-1046-B,no,none
TXN-80630,CUST-1019,2026-06-06 12:31:00,1198.99,Fuel,Chennai,DEV-CUST-1019-B,no,none
TXN-81331,CUST-1037,2026-06-06 12:47:00,816.28,Online Marketplace,Bangalore,DEV-CUST-1037-B,no,none
TXN-80536,CUST-1016,2026-06-06 15:28:00,706.53,Online Marketplace,Ahmedabad,DEV-CUST-1016-A,no,none
TXN-80255,CUST-1008,2026-06-06 15:41:00,647.65,Online Marketplace,Delhi,DEV-CUST-1008-A,no,none
TXN-80659,CUST-1020,2026-06-06 17:24:00,3800.1,Electronics,Bangalore,DEV-CUST-1020-A,no,none
TXN-81688,CUST-1048,2026-06-06 19:15:00,2723.33,Utilities,Pune,DEV-CUST-1048-A,no,none
TXN-80328,CUST-1010,2026-06-06 19:28:00,2970.35,Dining,Pune,DEV-CUST-1010-A,no,none
TXN-80198,CUST-1006,2026-06-06 20:23:00,806.76,Grocery,Delhi,DEV-CUST-1006-A,no,none
TXN-81446,CUST-1041,2026-06-06 20:32:00,1748.01,Utilities,Delhi,DEV-CUST-1041-A,no,none
TXN-80469,CUST-1014,2026-06-06 22:23:00,804.83,Utilities,Ahmedabad,DEV-CUST-1014-B,no,none
TXN-80807,CUST-1024,2026-06-06 22:45:00,2824.47,Electronics,Bangalore,DEV-CUST-1024-A,no,none
TXN-80581,CUST-1017,2026-06-07 09:30:00,3065.7,Fuel,Kolkata,DEV-CUST-1017-B,no,none
TXN-81055,CUST-1030,2026-06-07 10:24:00,1384.77,Retail,Ahmedabad,DEV-CUST-1030-B,no,none
TXN-80898,CUST-1026,2026-06-07 10:26:00,755.83,Online Marketplace,Pune,DEV-CUST-1026-A,no,none
TXN-81663,CUST-1047,2026-06-07 10:42:00,2632.09,Retail,Delhi,DEV-CUST-1047-A,no,none
TXN-80934,CUST-1027,2026-06-07 11:01:00,2740.17,Travel,Pune,DEV-CUST-1027-A,no,none
TXN-81069,CUST-1030,2026-06-07 11:22:00,1558.72,Pharmacy,Ahmedabad,DEV-CUST-1030-B,no,none
TXN-81563,CUST-1044,2026-06-07 12:20:00,3086.23,Travel,Pune,DEV-CUST-1044-B,no,none
TXN-80981,CUST-1028,2026-06-07 12:29:00,497.82,Utilities,Delhi,DEV-CUST-1028-A,no,none
TXN-81029,CUST-1029,2026-06-07 13:07:00,3884.11,Pharmacy,Chennai,DEV-CUST-1029-A,no,none
TXN-80086,CUST-1003,2026-06-07 13:33:00,838.64,Travel,Delhi,DEV-CUST-1003-B,no,none
TXN-81213,CUST-1034,2026-06-07 14:11:00,713.52,Utilities,Delhi,DEV-CUST-1034-A,no,none
TXN-80622,CUST-1018,2026-06-07 14:35:00,2730.63,Grocery,Mumbai,DEV-CUST-1018-A,no,none
TXN-80849,CUST-1025,2026-06-07 14:39:00,5079.78,Utilities,Pune,DEV-CUST-1025-A,no,none
TXN-80262,CUST-1008,2026-06-07 16:24:00,714.09,Online Marketplace,Delhi,DEV-CUST-1008-A,no,none
TXN-80155,CUST-1005,2026-06-07 16:38:00,1146.35,Pharmacy,Hyderabad,DEV-CUST-1005-A,no,none
TXN-81605,CUST-1045,2026-06-07 17:13:00,859.85,Fuel,Chennai,DEV-CUST-1045-A,no,none
TXN-80136,CUST-1004,2026-06-07 17:15:00,811.86,Grocery,Kolkata,DEV-CUST-1004-A,no,none
TXN-81356,CUST-1038,2026-06-07 17:33:00,3918.01,Online Marketplace,Mumbai,DEV-CUST-1038-A,no,none
TXN-80206,CUST-1006,2026-06-07 19:32:00,1284.11,Entertainment,Delhi,DEV-CUST-1006-A,no,none
TXN-81195,CUST-1034,2026-06-07 19:39:00,494.98,Grocery,Delhi,DEV-CUST-1034-A,no,none
TXN-81443,CUST-1040,2026-06-07 19:49:00,3698.05,Electronics,Delhi,DEV-CUST-1040-A,no,none
TXN-81268,CUST-1036,2026-06-07 21:51:00,1553.25,Pharmacy,Mumbai,DEV-CUST-1036-A,no,none
TXN-80279,CUST-1009,2026-06-07 22:10:00,726.07,Retail,Kolkata,DEV-CUST-1009-A,no,none
TXN-80551,CUST-1017,2026-06-07 22:58:00,2429.71,Entertainment,Kolkata,DEV-CUST-1017-B,no,none
TXN-80359,CUST-1011,2026-06-08 07:44:00,2051.15,Pharmacy,Ahmedabad,DEV-CUST-1011-B,no,none
TXN-81358,CUST-1038,2026-06-08 08:24:00,4038.21,Entertainment,Mumbai,DEV-CUST-1038-A,no,none
TXN-81169,CUST-1033,2026-06-08 09:20:00,1073.87,Electronics,Bangalore,DEV-CUST-1033-B,no,none
TXN-81224,CUST-1035,2026-06-08 09:35:00,1187.17,Pharmacy,Kolkata,DEV-CUST-1035-A,no,none
TXN-80329,CUST-1010,2026-06-08 11:32:00,4138.61,Travel,Pune,DEV-CUST-1010-B,no,none
TXN-80314,CUST-1010,2026-06-08 13:36:00,3948.21,Dining,Pune,DEV-CUST-1010-A,no,none
TXN-80990,CUST-1028,2026-06-08 13:38:00,696.11,Utilities,Delhi,DEV-CUST-1028-A,no,none
TXN-81289,CUST-1036,2026-06-08 18:16:00,1506.03,Fuel,Mumbai,DEV-CUST-1036-A,no,none
TXN-80995,CUST-1028,2026-06-08 19:24:00,573.8,Travel,Delhi,DEV-CUST-1028-A,no,none
TXN-80973,CUST-1028,2026-06-08 22:37:00,623.77,Travel,Delhi,DEV-CUST-1028-A,no,none
TXN-80352,CUST-1011,2026-06-08 22:42:00,1741.21,Pharmacy,Ahmedabad,DEV-CUST-1011-A,no,none
TXN-81354,CUST-1038,2026-06-09 10:01:00,3211.33,Entertainment,Mumbai,DEV-CUST-1038-A,no,none
TXN-81542,CUST-1044,2026-06-09 10:48:00,2232.63,Electronics,Pune,DEV-CUST-1044-A,no,none
TXN-80212,CUST-1007,2026-06-09 10:53:00,1933.56,Retail,Delhi,DEV-CUST-1007-A,no,none
TXN-80160,CUST-1005,2026-06-09 11:47:00,1228.05,Pharmacy,Hyderabad,DEV-CUST-1005-A,no,none
TXN-80377,CUST-1012,2026-06-09 12:27:00,869.15,Pharmacy,Mumbai,DEV-CUST-1012-A,no,none
TXN-80137,CUST-1004,2026-06-09 13:37:00,996.44,Dining,Kolkata,DEV-CUST-1004-A,no,none
TXN-80494,CUST-1015,2026-06-09 13:57:00,2493.41,Electronics,Chennai,DEV-CUST-1015-A,no,none
TXN-80010,CUST-1001,2026-06-09 15:22:00,614.56,Dining,Delhi,DEV-CUST-1001-A,no,none
TXN-80093,CUST-1003,2026-06-09 15:49:00,957.95,Travel,Delhi,DEV-CUST-1003-A,no,none
TXN-80911,CUST-1026,2026-06-09 16:19:00,701.09,Online Marketplace,Pune,DEV-CUST-1026-A,no,none
TXN-80556,CUST-1017,2026-06-09 16:45:00,2437.4,Fuel,Kolkata,DEV-CUST-1017-B,no,none
TXN-81558,CUST-1044,2026-06-09 17:40:00,3263.47,Electronics,Pune,DEV-CUST-1044-B,no,none
TXN-80813,CUST-1024,2026-06-09 19:12:00,2485.12,Fuel,Bangalore,DEV-CUST-1024-A,no,none
TXN-80031,CUST-1001,2026-06-09 20:26:00,518.25,Travel,Delhi,DEV-CUST-1001-A,no,none
TXN-80221,CUST-1007,2026-06-09 21:02:00,1763.69,Online Marketplace,Delhi,DEV-CUST-1007-A,no,none
TXN-81125,CUST-1032,2026-06-09 22:43:00,583.81,Entertainment,Hyderabad,DEV-CUST-1032-A,no,none
TXN-80350,CUST-1011,2026-06-10 08:48:00,1717.25,Utilities,Ahmedabad,DEV-CUST-1011-B,no,none
TXN-81713,CUST-1049,2026-06-10 11:20:00,456.37,Retail,Mumbai,DEV-CUST-1049-A,no,none
TXN-80073,CUST-1002,2026-06-10 14:59:00,3358.56,Pharmacy,Delhi,DEV-CUST-1002-A,no,none
TXN-81552,CUST-1044,2026-06-10 15:16:00,2753.79,Travel,Pune,DEV-CUST-1044-A,no,none
TXN-80999,CUST-1028,2026-06-10 15:49:00,298.8,Utilities,Delhi,DEV-CUST-1028-A,no,none
TXN-80171,CUST-1006,2026-06-10 17:36:00,924.24,Online Marketplace,Delhi,DEV-CUST-1006-A,no,none
TXN-80835,CUST-1024,2026-06-10 17:50:00,2493.23,Dining,Bangalore,DEV-CUST-1024-A,no,none
TXN-81296,CUST-1036,2026-06-10 18:43:00,1908.0,Entertainment,Mumbai,DEV-CUST-1036-B,no,none
TXN-80240,CUST-1007,2026-06-10 21:11:00,1537.9,Travel,Delhi,DEV-CUST-1007-B,no,none
TXN-80110,CUST-1004,2026-06-10 21:22:00,923.99,Pharmacy,Kolkata,DEV-CUST-1004-A,no,none
TXN-80794,CUST-1023,2026-06-10 22:11:00,515.7,Utilities,Delhi,DEV-CUST-1023-A,no,none
TXN-81747,CUST-1050,2026-06-10 22:40:00,4683.81,Utilities,Bangalore,DEV-CUST-1050-A,no,none
TXN-81135,CUST-1032,2026-06-10 22:50:00,477.79,Entertainment,Hyderabad,DEV-CUST-1032-B,no,none
TXN-81295,CUST-1036,2026-06-11 09:03:00,1588.42,Fuel,Mumbai,DEV-CUST-1036-B,no,none
TXN-80322,CUST-1010,2026-06-11 11:41:00,3461.45,Travel,Pune,DEV-CUST-1010-A,no,none
TXN-80962,CUST-1027,2026-06-11 11:41:00,1789.86,Travel,Pune,DEV-CUST-1027-B,no,none
TXN-80190,CUST-1006,2026-06-11 11:58:00,979.12,Entertainment,Delhi,DEV-CUST-1006-A,no,none
TXN-80186,CUST-1006,2026-06-11 12:02:00,1287.08,Grocery,Delhi,DEV-CUST-1006-A,no,none
TXN-80375,CUST-1012,2026-06-11 14:36:00,560.86,Pharmacy,Mumbai,DEV-CUST-1012-A,no,none
TXN-80251,CUST-1008,2026-06-11 15:12:00,474.55,Electronics,Delhi,DEV-CUST-1008-A,no,none
TXN-81274,CUST-1036,2026-06-11 15:23:00,1360.86,Entertainment,Mumbai,DEV-CUST-1036-B,no,none
TXN-80458,CUST-1014,2026-06-11 16:05:00,684.06,Utilities,Ahmedabad,DEV-CUST-1014-A,no,none
TXN-81570,CUST-1044,2026-06-11 16:35:00,1007.24,Travel,Pune,DEV-CUST-1044-A,no,none
TXN-80369,CUST-1012,2026-06-11 16:51:00,901.96,Fuel,Mumbai,DEV-CUST-1012-A,no,none
TXN-81278,CUST-1036,2026-06-11 17:20:00,2072.41,Pharmacy,Mumbai,DEV-CUST-1036-A,no,none
TXN-80207,CUST-1007,2026-06-11 18:14:00,2823.83,Travel,Delhi,DEV-CUST-1007-B,no,none
TXN-80291,CUST-1009,2026-06-11 18:59:00,984.03,Retail,Kolkata,DEV-CUST-1009-A,no,none
TXN-80775,CUST-1023,2026-06-11 19:19:00,631.74,Dining,Delhi,DEV-CUST-1023-A,no,none
TXN-80766,CUST-1023,2026-06-11 19:39:00,729.88,Dining,Delhi,DEV-CUST-1023-A,no,none
TXN-80887,CUST-1025,2026-06-11 19:46:00,3767.33,Entertainment,Pune,DEV-CUST-1025-A,no,none
TXN-80227,CUST-1007,2026-06-11 20:05:00,469.7,Online Marketplace,Delhi,DEV-CUST-1007-B,no,none
TXN-80037,CUST-1001,2026-06-11 20:08:00,663.65,Dining,Delhi,DEV-CUST-1001-A,no,none
TXN-81239,CUST-1035,2026-06-11 20:56:00,1689.55,Pharmacy,Kolkata,DEV-CUST-1035-A,no,none
TXN-80623,CUST-1019,2026-06-11 21:28:00,1955.31,Utilities,Chennai,DEV-CUST-1019-B,no,none
TXN-80871,CUST-1025,2026-06-11 22:08:00,2307.98,Utilities,Pune,DEV-CUST-1025-A,no,none
TXN-81185,CUST-1033,2026-06-11 22:30:00,1715.73,Electronics,Bangalore,DEV-CUST-1033-B,no,none
TXN-81444,CUST-1040,2026-06-12 07:26:00,4132.99,Electronics,Delhi,DEV-CUST-1040-A,no,none
TXN-80509,CUST-1015,2026-06-12 08:14:00,3359.05,Electronics,Chennai,DEV-CUST-1015-A,no,none
TXN-81569,CUST-1044,2026-06-12 09:04:00,2310.97,Electronics,Pune,DEV-CUST-1044-A,no,none
TXN-80152,CUST-1005,2026-06-12 09:05:00,1068.59,Online Marketplace,Hyderabad,DEV-CUST-1005-A,no,none
TXN-80606,CUST-1018,2026-06-12 09:46:00,4231.16,Utilities,Mumbai,DEV-CUST-1018-A,no,none
TXN-81725,CUST-1049,2026-06-12 10:05:00,477.58,Online Marketplace,Mumbai,DEV-CUST-1049-A,no,none
TXN-80845,CUST-1025,2026-06-12 10:42:00,2785.71,Entertainment,Pune,DEV-CUST-1025-A,no,none
TXN-80886,CUST-1025,2026-06-12 10:45:00,2391.18,Grocery,Pune,DEV-CUST-1025-A,no,none
TXN-80991,CUST-1028,2026-06-12 11:24:00,421.45,Utilities,Delhi,DEV-CUST-1028-A,no,none
TXN-81414,CUST-1040,2026-06-12 12:06:00,5468.25,Grocery,Delhi,DEV-CUST-1040-A,no,none
TXN-80161,CUST-1005,2026-06-12 13:24:00,960.09,Online Marketplace,Hyderabad,DEV-CUST-1005-B,no,none
TXN-80205,CUST-1006,2026-06-12 14:52:00,934.76,Fuel,Delhi,DEV-CUST-1006-A,no,none
TXN-80056,CUST-1002,2026-06-12 16:14:00,3706.56,Entertainment,Delhi,DEV-CUST-1002-A,no,none
TXN-81248,CUST-1035,2026-06-12 16:49:00,1055.36,Dining,Kolkata,DEV-CUST-1035-A,no,none
TXN-80495,CUST-1015,2026-06-12 17:07:00,4438.01,Retail,Chennai,DEV-CUST-1015-A,no,none
TXN-81653,CUST-1047,2026-06-12 17:08:00,3858.16,Travel,Delhi,DEV-CUST-1047-A,no,none
TXN-80241,CUST-1007,2026-06-12 17:42:00,1705.24,Travel,Delhi,DEV-CUST-1007-B,no,none
TXN-81225,CUST-1035,2026-06-12 19:16:00,2309.37,Dining,Kolkata,DEV-CUST-1035-A,no,none
TXN-80358,CUST-1011,2026-06-12 19:24:00,2475.25,Pharmacy,Ahmedabad,DEV-CUST-1011-B,no,none
TXN-81230,CUST-1035,2026-06-12 20:51:00,1949.91,Dining,Kolkata,DEV-CUST-1035-A,no,none
TXN-81194,CUST-1034,2026-06-12 21:12:00,528.93,Travel,Delhi,DEV-CUST-1034-A,no,none
TXN-80923,CUST-1026,2026-06-12 21:32:00,1155.16,Online Marketplace,Pune,DEV-CUST-1026-A,no,none
TXN-81381,CUST-1039,2026-06-13 07:53:00,535.55,Dining,Bangalore,DEV-CUST-1039-A,no,none
TXN-81204,CUST-1034,2026-06-13 08:03:00,705.19,Travel,Delhi,DEV-CUST-1034-A,no,none
TXN-81133,CUST-1032,2026-06-13 08:53:00,805.41,Utilities,Hyderabad,DEV-CUST-1032-B,no,none
TXN-80815,CUST-1024,2026-06-13 09:02:00,3735.33,Dining,Bangalore,DEV-CUST-1024-A,no,none
TXN-80104,CUST-1004,2026-06-13 10:28:00,527.99,Grocery,Kolkata,DEV-CUST-1004-A,no,none
TXN-80148,CUST-1005,2026-06-13 10:54:00,1187.55,Pharmacy,Hyderabad,DEV-CUST-1005-A,no,none
TXN-80355,CUST-1011,2026-06-13 11:15:00,1996.32,Retail,Ahmedabad,DEV-CUST-1011-B,no,none
TXN-81294,CUST-1036,2026-06-13 11:45:00,2324.94,Pharmacy,Mumbai,DEV-CUST-1036-B,no,none
TXN-81186,CUST-1033,2026-06-13 12:44:00,775.24,Electronics,Bangalore,DEV-CUST-1033-A,no,none
TXN-80608,CUST-1018,2026-06-13 12:55:00,3447.83,Utilities,Mumbai,DEV-CUST-1018-A,no,none
TXN-81533,CUST-1043,2026-06-13 18:30:00,621.07,Utilities,Hyderabad,DEV-CUST-1043-B,no,none
TXN-81263,CUST-1036,2026-06-13 20:31:00,1697.96,Fuel,Mumbai,DEV-CUST-1036-A,no,none
TXN-81746,CUST-1050,2026-06-13 22:50:00,4288.99,Entertainment,Bangalore,DEV-CUST-1050-A,no,none
TXN-81360,CUST-1038,2026-06-14 08:35:00,3222.03,Online Marketplace,Mumbai,DEV-CUST-1038-A,no,none
TXN-81032,CUST-1029,2026-06-14 08:59:00,4144.49,Entertainment,Chennai,DEV-CUST-1029-A,no,none
TXN-81701,CUST-1048,2026-06-14 09:11:00,3276.73,Entertainment,Pune,DEV-CUST-1048-A,no,none
TXN-80773,CUST-1023,2026-06-14 10:04:00,756.61,Utilities,Delhi,DEV-CUST-1023-A,no,none
TXN-81676,CUST-1047,2026-06-14 10:04:00,2308.1,Travel,Delhi,DEV-CUST-1047-A,no,none
TXN-80547,CUST-1017,2026-06-14 10:50:00,2325.94,Entertainment,Kolkata,DEV-CUST-1017-B,no,none
TXN-81269,CUST-1036,2026-06-14 10:52:00,1305.29,Fuel,Mumbai,DEV-CUST-1036-A,no,none
TXN-80372,CUST-1012,2026-06-14 11:05:00,906.3,Pharmacy,Mumbai,DEV-CUST-1012-A,no,none
TXN-81062,CUST-1030,2026-06-14 12:17:00,2264.07,Pharmacy,Ahmedabad,DEV-CUST-1030-A,no,none
TXN-80825,CUST-1024,2026-06-14 12:50:00,3875.52,Pharmacy,Bangalore,DEV-CUST-1024-A,no,none
TXN-80631,CUST-1019,2026-06-14 15:39:00,1876.09,Utilities,Chennai,DEV-CUST-1019-A,no,none
TXN-81757,CUST-1050,2026-06-14 16:10:00,4093.49,Utilities,Bangalore,DEV-CUST-1050-A,no,none
TXN-80790,CUST-1023,2026-06-14 16:17:00,677.83,Utilities,Delhi,DEV-CUST-1023-A,no,none
TXN-81007,CUST-1029,2026-06-14 18:31:00,4566.63,Entertainment,Chennai,DEV-CUST-1029-A,no,none
TXN-80824,CUST-1024,2026-06-14 18:43:00,2552.26,Electronics,Bangalore,DEV-CUST-1024-A,no,none
TXN-81519,CUST-1043,2026-06-14 19:00:00,438.13,Electronics,Hyderabad,DEV-CUST-1043-B,no,none
TXN-80935,CUST-1027,2026-06-14 19:03:00,3034.34,Travel,Pune,DEV-CUST-1027-B,no,none
TXN-80012,CUST-1001,2026-06-14 20:22:00,582.6,Dining,Delhi,DEV-CUST-1001-A,no,none
TXN-81252,CUST-1035,2026-06-14 20:26:00,1406.05,Dining,Kolkata,DEV-CUST-1035-A,no,none
TXN-81586,CUST-1045,2026-06-14 21:42:00,1126.63,Retail,Chennai,DEV-CUST-1045-A,no,none
TXN-80816,CUST-1024,2026-06-14 22:12:00,3103.18,Dining,Bangalore,DEV-CUST-1024-A,no,none
TXN-80237,CUST-1007,2026-06-15 07:47:00,2012.55,Travel,Delhi,DEV-CUST-1007-A,no,none
TXN-81592,CUST-1045,2026-06-15 10:50:00,533.89,Fuel,Chennai,DEV-CUST-1045-A,no,none
TXN-80976,CUST-1028,2026-06-15 12:58:00,519.96,Utilities,Delhi,DEV-CUST-1028-A,no,none
TXN-81728,CUST-1049,2026-06-15 13:54:00,650.94,Online Marketplace,Mumbai,DEV-CUST-1049-A,no,none
TXN-80452,CUST-1014,2026-06-15 14:31:00,565.11,Utilities,Ahmedabad,DEV-CUST-1014-A,no,none
TXN-80074,CUST-1002,2026-06-15 14:41:00,5042.36,Pharmacy,Delhi,DEV-CUST-1002-A,no,none
TXN-80211,CUST-1007,2026-06-15 16:15:00,1755.53,Retail,Delhi,DEV-CUST-1007-B,no,none
TXN-80956,CUST-1027,2026-06-15 16:55:00,1545.55,Grocery,Pune,DEV-CUST-1027-A,no,none
TXN-81035,CUST-1029,2026-06-15 17:14:00,4668.34,Entertainment,Chennai,DEV-CUST-1029-A,no,none
TXN-81516,CUST-1043,2026-06-15 18:08:00,670.49,Utilities,Hyderabad,DEV-CUST-1043-B,no,none
TXN-80658,CUST-1020,2026-06-15 18:28:00,3524.23,Utilities,Bangalore,DEV-CUST-1020-A,no,none
TXN-80922,CUST-1026,2026-06-15 18:50:00,732.28,Online Marketplace,Pune,DEV-CUST-1026-A,no,none
TXN-80172,CUST-1006,2026-06-15 19:01:00,1331.28,Entertainment,Delhi,DEV-CUST-1006-A,no,none
TXN-81123,CUST-1032,2026-06-15 19:18:00,364.04,Entertainment,Hyderabad,DEV-CUST-1032-A,no,none
TXN-80612,CUST-1018,2026-06-15 19:25:00,2659.86,Grocery,Mumbai,DEV-CUST-1018-A,no,none
TXN-80085,CUST-1003,2026-06-15 19:55:00,232.87,Retail,Delhi,DEV-CUST-1003-B,no,none
TXN-80546,CUST-1017,2026-06-15 20:09:00,3182.55,Online Marketplace,Kolkata,DEV-CUST-1017-A,no,none
TXN-81652,CUST-1047,2026-06-15 20:46:00,4013.5,Travel,Delhi,DEV-CUST-1047-A,no,none
TXN-80788,CUST-1023,2026-06-15 21:39:00,652.26,Dining,Delhi,DEV-CUST-1023-A,no,none
TXN-81214,CUST-1034,2026-06-15 22:02:00,626.02,Utilities,Delhi,DEV-CUST-1034-A,no,none
TXN-81016,CUST-1029,2026-06-15 22:38:00,2430.76,Entertainment,Chennai,DEV-CUST-1029-A,no,none
TXN-81256,CUST-1035,2026-06-15 22:39:00,2169.56,Pharmacy,Kolkata,DEV-CUST-1035-A,no,none
TXN-81018,CUST-1029,2026-06-16 11:20:00,1199.68,Entertainment,Chennai,DEV-CUST-1029-A,no,none
TXN-81384,CUST-1039,2026-06-16 11:56:00,525.05,Dining,Bangalore,DEV-CUST-1039-A,no,none
TXN-80436,CUST-1013,2026-06-16 12:28:00,3140.67,Entertainment,Pune,DEV-CUST-1013-A,no,none
TXN-80409,CUST-1013,2026-06-16 14:19:00,2948.3,Travel,Pune,DEV-CUST-1013-A,no,none
TXN-81266,CUST-1036,2026-06-16 14:31:00,1986.0,Pharmacy,Mumbai,DEV-CUST-1036-B,no,none
TXN-81129,CUST-1032,2026-06-16 14:53:00,442.99,Entertainment,Hyderabad,DEV-CUST-1032-B,no,none
TXN-81112,CUST-1031,2026-06-16 15:02:00,1279.47,Grocery,Kolkata,DEV-CUST-1031-A,no,none
TXN-81494,CUST-1042,2026-06-16 15:04:00,830.62,Entertainment,Hyderabad,DEV-CUST-1042-A,no,none
TXN-81094,CUST-1031,2026-06-16 15:31:00,2685.37,Grocery,Kolkata,DEV-CUST-1031-A,no,none
TXN-81302,CUST-1037,2026-06-16 18:19:00,1101.75,Utilities,Bangalore,DEV-CUST-1037-B,no,none
TXN-81301,CUST-1037,2026-06-16 20:07:00,1112.52,Online Marketplace,Bangalore,DEV-CUST-1037-A,no,none
TXN-81590,CUST-1045,2026-06-16 20:31:00,965.76,Retail,Chennai,DEV-CUST-1045-A,no,none
TXN-81121,CUST-1032,2026-06-16 21:07:00,425.8,Entertainment,Hyderabad,DEV-CUST-1032-B,no,none
TXN-81350,CUST-1038,2026-06-16 21:31:00,3150.37,Entertainment,Mumbai,DEV-CUST-1038-A,no,none
TXN-80036,CUST-1001,2026-06-17 07:58:00,365.77,Dining,Delhi,DEV-CUST-1001-A,no,none
TXN-81207,CUST-1034,2026-06-17 08:37:00,639.3,Utilities,Delhi,DEV-CUST-1034-A,no,none
TXN-80614,CUST-1018,2026-06-17 08:54:00,4361.18,Fuel,Mumbai,DEV-CUST-1018-A,no,none
TXN-81359,CUST-1038,2026-06-17 08:58:00,3594.95,Entertainment,Mumbai,DEV-CUST-1038-A,no,none
TXN-81540,CUST-1044,2026-06-17 10:20:00,2161.02,Electronics,Pune,DEV-CUST-1044-A,no,none
TXN-80636,CUST-1019,2026-06-17 10:24:00,1278.8,Utilities,Chennai,DEV-CUST-1019-B,no,none
TXN-81737,CUST-1050,2026-06-17 10:40:00,2727.11,Utilities,Bangalore,DEV-CUST-1050-A,no,none
TXN-81108,CUST-1031,2026-06-17 11:44:00,1694.72,Electronics,Kolkata,DEV-CUST-1031-A,no,none
TXN-80776,CUST-1023,2026-06-17 12:01:00,843.3,Utilities,Delhi,DEV-CUST-1023-A,no,none
TXN-80248,CUST-1008,2026-06-17 12:49:00,675.47,Electronics,Delhi,DEV-CUST-1008-A,no,none
TXN-81109,CUST-1031,2026-06-17 13:08:00,2269.94,Grocery,Kolkata,DEV-CUST-1031-A,no,none
TXN-81672,CUST-1047,2026-06-17 13:25:00,5461.15,Retail,Delhi,DEV-CUST-1047-A,no,none
TXN-81544,CUST-1044,2026-06-17 13:41:00,2121.71,Electronics,Pune,DEV-CUST-1044-A,no,none
TXN-80492,CUST-1015,2026-06-17 13:52:00,3071.48,Electronics,Chennai,DEV-CUST-1015-A,no,none
TXN-81367,CUST-1038,2026-06-17 16:37:00,1459.86,Entertainment,Mumbai,DEV-CUST-1038-A,no,none
TXN-81234,CUST-1035,2026-06-17 16:53:00,2186.24,Grocery,Kolkata,DEV-CUST-1035-A,no,none
TXN-80247,CUST-1008,2026-06-17 17:41:00,750.07,Online Marketplace,Delhi,DEV-CUST-1008-A,no,none
TXN-81048,CUST-1030,2026-06-17 18:18:00,1774.44,Pharmacy,Ahmedabad,DEV-CUST-1030-A,no,none
TXN-80260,CUST-1008,2026-06-17 18:32:00,499.41,Online Marketplace,Delhi,DEV-CUST-1008-A,no,none
TXN-80317,CUST-1010,2026-06-17 20:29:00,2469.69,Travel,Pune,DEV-CUST-1010-A,no,none
TXN-80557,CUST-1017,2026-06-18 07:11:00,2916.1,Online Marketplace,Kolkata,DEV-CUST-1017-A,no,none
TXN-81167,CUST-1033,2026-06-18 07:16:00,1889.55,Entertainment,Bangalore,DEV-CUST-1033-A,no,none
TXN-80219,CUST-1007,2026-06-18 08:22:00,1009.52,Online Marketplace,Delhi,DEV-CUST-1007-B,no,none
TXN-80293,CUST-1009,2026-06-18 10:39:00,1187.31,Dining,Kolkata,DEV-CUST-1009-A,no,none
TXN-81040,CUST-1029,2026-06-18 10:54:00,4462.93,Pharmacy,Chennai,DEV-CUST-1029-A,no,none
TXN-81272,CUST-1036,2026-06-18 10:54:00,1610.64,Fuel,Mumbai,DEV-CUST-1036-B,no,none
TXN-81408,CUST-1039,2026-06-18 11:19:00,710.38,Dining,Bangalore,DEV-CUST-1039-A,no,none
TXN-80638,CUST-1019,2026-06-18 11:26:00,2046.82,Utilities,Chennai,DEV-CUST-1019-B,no,none
TXN-80610,CUST-1018,2026-06-18 12:21:00,3110.06,Retail,Mumbai,DEV-CUST-1018-A,no,none
TXN-80778,CUST-1023,2026-06-18 12:37:00,570.71,Dining,Delhi,DEV-CUST-1023-A,no,none
TXN-80283,CUST-1009,2026-06-18 13:35:00,999.21,Utilities,Kolkata,DEV-CUST-1009-A,no,none
TXN-80959,CUST-1027,2026-06-18 13:35:00,1436.74,Travel,Pune,DEV-CUST-1027-A,no,none
TXN-80351,CUST-1011,2026-06-18 14:04:00,1783.79,Pharmacy,Ahmedabad,DEV-CUST-1011-B,no,none
TXN-80449,CUST-1014,2026-06-18 14:17:00,795.52,Online Marketplace,Ahmedabad,DEV-CUST-1014-A,no,none
TXN-81655,CUST-1047,2026-06-18 14:24:00,2605.16,Retail,Delhi,DEV-CUST-1047-A,no,none
TXN-81460,CUST-1041,2026-06-18 15:20:00,1518.77,Utilities,Delhi,DEV-CUST-1041-A,no,none
TXN-80714,CUST-1021,2026-06-18 15:30:00,692.4,Retail,Hyderabad,DEV-CUST-1021-A,no,none
TXN-80388,CUST-1012,2026-06-18 16:15:00,510.56,Fuel,Mumbai,DEV-CUST-1012-A,no,none
TXN-80865,CUST-1025,2026-06-18 16:44:00,3203.51,Entertainment,Pune,DEV-CUST-1025-A,no,none
TXN-81587,CUST-1045,2026-06-18 18:47:00,705.73,Utilities,Chennai,DEV-CUST-1045-A,no,none
TXN-80321,CUST-1010,2026-06-18 20:23:00,4358.28,Online Marketplace,Pune,DEV-CUST-1010-B,no,none
TXN-80426,CUST-1013,2026-06-18 20:58:00,1819.42,Travel,Pune,DEV-CUST-1013-A,no,none
TXN-81038,CUST-1029,2026-06-18 21:46:00,3077.98,Entertainment,Chennai,DEV-CUST-1029-A,no,none
TXN-80311,CUST-1010,2026-06-18 22:09:00,980.66,Travel,Pune,DEV-CUST-1010-B,no,none
TXN-81474,CUST-1041,2026-06-18 22:12:00,2233.91,Retail,Delhi,DEV-CUST-1041-A,no,none
TXN-80843,CUST-1024,2026-06-18 22:35:00,3781.12,Fuel,Bangalore,DEV-CUST-1024-A,no,none
TXN-81548,CUST-1044,2026-06-18 22:44:00,2249.14,Travel,Pune,DEV-CUST-1044-B,no,none
TXN-80897,CUST-1026,2026-06-19 08:42:00,630.14,Utilities,Pune,DEV-CUST-1026-A,no,none
TXN-80075,CUST-1002,2026-06-19 09:03:00,3878.17,Grocery,Delhi,DEV-CUST-1002-A,no,none
TXN-81634,CUST-1046,2026-06-19 09:27:00,2434.64,Fuel,Chennai,DEV-CUST-1046-B,no,none
TXN-80488,CUST-1015,2026-06-19 09:45:00,2358.0,Retail,Chennai,DEV-CUST-1015-A,no,none
TXN-80925,CUST-1026,2026-06-19 10:52:00,1169.44,Online Marketplace,Pune,DEV-CUST-1026-A,no,none
TXN-80208,CUST-1007,2026-06-19 11:02:00,1983.25,Retail,Delhi,DEV-CUST-1007-B,no,none
TXN-81299,CUST-1037,2026-06-19 11:31:00,871.37,Online Marketplace,Bangalore,DEV-CUST-1037-A,no,none
TXN-81318,CUST-1037,2026-06-19 12:16:00,967.89,Online Marketplace,Bangalore,DEV-CUST-1037-A,no,none
TXN-80866,CUST-1025,2026-06-19 12:20:00,2476.2,Retail,Pune,DEV-CUST-1025-A,no,none
TXN-80272,CUST-1009,2026-06-19 13:38:00,1153.19,Utilities,Kolkata,DEV-CUST-1009-A,no,none
TXN-80106,CUST-1004,2026-06-19 14:33:00,720.32,Dining,Kolkata,DEV-CUST-1004-A,no,none
TXN-80122,CUST-1004,2026-06-19 14:55:00,604.48,Pharmacy,Kolkata,DEV-CUST-1004-A,no,none
TXN-80479,CUST-1015,2026-06-19 15:05:00,4110.94,Electronics,Chennai,DEV-CUST-1015-A,no,none
TXN-81209,CUST-1034,2026-06-19 15:07:00,439.06,Utilities,Delhi,DEV-CUST-1034-A,no,none
TXN-80933,CUST-1027,2026-06-19 16:36:00,2507.81,Travel,Pune,DEV-CUST-1027-B,no,none
TXN-80396,CUST-1013,2026-06-19 18:19:00,2895.84,Entertainment,Pune,DEV-CUST-1013-A,no,none
TXN-81327,CUST-1037,2026-06-19 18:34:00,1291.06,Utilities,Bangalore,DEV-CUST-1037-B,no,none
TXN-81127,CUST-1032,2026-06-19 19:25:00,460.06,Utilities,Hyderabad,DEV-CUST-1032-A,no,none
TXN-80335,CUST-1011,2026-06-19 21:58:00,2234.16,Pharmacy,Ahmedabad,DEV-CUST-1011-A,no,none
TXN-81631,CUST-1046,2026-06-19 22:05:00,2529.85,Fuel,Chennai,DEV-CUST-1046-A,no,none
TXN-81013,CUST-1029,2026-06-19 22:41:00,5394.18,Dining,Chennai,DEV-CUST-1029-A,no,none
TXN-80653,CUST-1019,2026-06-20 08:09:00,2346.61,Utilities,Chennai,DEV-CUST-1019-B,no,none
TXN-80195,CUST-1006,2026-06-20 09:18:00,1277.46,Fuel,Delhi,DEV-CUST-1006-A,no,none
TXN-80745,CUST-1022,2026-06-20 10:07:00,1594.85,Online Marketplace,Delhi,DEV-CUST-1022-A,no,none
TXN-81698,CUST-1048,2026-06-20 10:18:00,3457.61,Entertainment,Pune,DEV-CUST-1048-A,no,none
TXN-80274,CUST-1009,2026-06-20 11:20:00,1314.84,Utilities,Kolkata,DEV-CUST-1009-A,no,none
TXN-80700,CUST-1021,2026-06-20 12:10:00,977.75,Entertainment,Hyderabad,DEV-CUST-1021-A,no,none
TXN-80346,CUST-1011,2026-06-20 13:21:00,2077.65,Travel,Ahmedabad,DEV-CUST-1011-B,no,none
TXN-80030,CUST-1001,2026-06-20 14:24:00,872.12,Travel,Delhi,DEV-CUST-1001-A,no,none
TXN-80572,CUST-1017,2026-06-20 14:57:00,1219.58,Online Marketplace,Kolkata,DEV-CUST-1017-B,no,none
TXN-81092,CUST-1031,2026-06-20 15:19:00,1617.26,Travel,Kolkata,DEV-CUST-1031-A,no,none
TXN-80066,CUST-1002,2026-06-20 16:05:00,3906.31,Pharmacy,Delhi,DEV-CUST-1002-A,no,none
TXN-81648,CUST-1046,2026-06-20 16:39:00,3842.58,Electronics,Chennai,DEV-CUST-1046-B,no,none
TXN-81411,CUST-1040,2026-06-20 17:36:00,2684.94,Grocery,Delhi,DEV-CUST-1040-A,no,none
TXN-81593,CUST-1045,2026-06-20 18:32:00,1240.48,Fuel,Chennai,DEV-CUST-1045-A,no,none
TXN-81534,CUST-1043,2026-06-20 19:15:00,644.51,Online Marketplace,Hyderabad,DEV-CUST-1043-A,no,none
TXN-80180,CUST-1006,2026-06-20 21:04:00,1022.56,Online Marketplace,Delhi,DEV-CUST-1006-A,no,none
TXN-81440,CUST-1040,2026-06-20 21:22:00,4196.07,Electronics,Delhi,DEV-CUST-1040-A,no,none
TXN-81689,CUST-1048,2026-06-20 22:06:00,3663.64,Entertainment,Pune,DEV-CUST-1048-A,no,none
TXN-80156,CUST-1005,2026-06-20 22:14:00,1329.65,Electronics,Hyderabad,DEV-CUST-1005-B,no,none
TXN-80859,CUST-1025,2026-06-21 07:22:00,3171.1,Utilities,Pune,DEV-CUST-1025-A,no,none
TXN-80528,CUST-1016,2026-06-21 08:06:00,669.36,Online Marketplace,Ahmedabad,DEV-CUST-1016-A,no,none
TXN-81098,CUST-1031,2026-06-21 08:17:00,2636.5,Online Marketplace,Kolkata,DEV-CUST-1031-A,no,none
TXN-80163,CUST-1005,2026-06-21 08:43:00,1482.89,Online Marketplace,Hyderabad,DEV-CUST-1005-B,no,none
TXN-81418,CUST-1040,2026-06-21 10:08:00,3437.58,Grocery,Delhi,DEV-CUST-1040-A,no,none
TXN-81104,CUST-1031,2026-06-21 10:13:00,2566.5,Electronics,Kolkata,DEV-CUST-1031-A,no,none
TXN-80504,CUST-1015,2026-06-21 10:15:00,2577.92,Retail,Chennai,DEV-CUST-1015-A,no,none
TXN-80675,CUST-1020,2026-06-21 12:14:00,2145.89,Fuel,Bangalore,DEV-CUST-1020-A,no,none
TXN-80197,CUST-1006,2026-06-21 12:53:00,1052.38,Grocery,Delhi,DEV-CUST-1006-A,no,none
TXN-80652,CUST-1019,2026-06-21 15:00:00,1891.94,Utilities,Chennai,DEV-CUST-1019-B,no,none
TXN-80204,CUST-1006,2026-06-21 15:28:00,717.54,Grocery,Delhi,DEV-CUST-1006-A,no,none
TXN-80089,CUST-1003,2026-06-21 16:35:00,1129.54,Utilities,Delhi,DEV-CUST-1003-A,no,none
TXN-81421,CUST-1040,2026-06-21 16:37:00,3904.72,Travel,Delhi,DEV-CUST-1040-A,no,none
TXN-80487,CUST-1015,2026-06-21 16:52:00,3165.92,Retail,Chennai,DEV-CUST-1015-A,no,none
TXN-80769,CUST-1023,2026-06-21 17:14:00,515.24,Dining,Delhi,DEV-CUST-1023-A,no,none
TXN-81687,CUST-1048,2026-06-21 17:28:00,3675.41,Entertainment,Pune,DEV-CUST-1048-A,no,none
TXN-81511,CUST-1042,2026-06-21 17:57:00,764.25,Entertainment,Hyderabad,DEV-CUST-1042-B,no,none
TXN-80275,CUST-1009,2026-06-21 19:39:00,1183.03,Retail,Kolkata,DEV-CUST-1009-A,no,none
TXN-80303,CUST-1010,2026-06-21 21:41:00,3474.37,Travel,Pune,DEV-CUST-1010-B,no,none
TXN-80803,CUST-1023,2026-06-21 22:05:00,546.59,Utilities,Delhi,DEV-CUST-1023-A,no,none
TXN-80264,CUST-1008,2026-06-21 22:32:00,774.1,Travel,Delhi,DEV-CUST-1008-A,no,none
TXN-80662,CUST-1020,2026-06-22 07:40:00,2256.2,Fuel,Bangalore,DEV-CUST-1020-A,no,none
TXN-80972,CUST-1028,2026-06-22 08:44:00,930.29,Travel,Delhi,DEV-CUST-1028-A,no,none
TXN-81196,CUST-1034,2026-06-22 10:00:00,650.3,Utilities,Delhi,DEV-CUST-1034-A,no,none
TXN-81645,CUST-1046,2026-06-22 10:14:00,5254.23,Electronics,Chennai,DEV-CUST-1046-A,no,none
TXN-80349,CUST-1011,2026-06-22 11:46:00,1525.17,Utilities,Ahmedabad,DEV-CUST-1011-A,no,none
TXN-80423,CUST-1013,2026-06-22 11:50:00,2614.57,Travel,Pune,DEV-CUST-1013-A,no,none
TXN-80107,CUST-1004,2026-06-22 12:05:00,729.31,Pharmacy,Kolkata,DEV-CUST-1004-A,no,none
TXN-80586,CUST-1018,2026-06-22 12:31:00,3436.38,Utilities,Mumbai,DEV-CUST-1018-A,no,none
TXN-81345,CUST-1038,2026-06-22 13:42:00,3408.23,Online Marketplace,Mumbai,DEV-CUST-1038-A,no,none
TXN-81622,CUST-1045,2026-06-22 14:02:00,749.12,Utilities,Chennai,DEV-CUST-1045-A,no,none
TXN-80707,CUST-1021,2026-06-22 14:53:00,794.25,Retail,Hyderabad,DEV-CUST-1021-A,no,none
TXN-81217,CUST-1034,2026-06-22 15:36:00,754.14,Grocery,Delhi,DEV-CUST-1034-A,no,none
TXN-81152,CUST-1033,2026-06-22 16:23:00,1437.05,Electronics,Bangalore,DEV-CUST-1033-A,no,none
TXN-80708,CUST-1021,2026-06-22 17:59:00,966.4,Online Marketplace,Hyderabad,DEV-CUST-1021-A,no,none
TXN-80526,CUST-1016,2026-06-22 19:10:00,935.34,Dining,Ahmedabad,DEV-CUST-1016-A,no,none
TXN-81389,CUST-1039,2026-06-22 19:48:00,784.96,Electronics,Bangalore,DEV-CUST-1039-A,no,none
TXN-80523,CUST-1016,2026-06-22 20:31:00,702.77,Online Marketplace,Ahmedabad,DEV-CUST-1016-A,no,none
TXN-80417,CUST-1013,2026-06-22 21:36:00,2449.95,Pharmacy,Pune,DEV-CUST-1013-A,no,none
TXN-81449,CUST-1041,2026-06-23 07:25:00,1760.36,Retail,Delhi,DEV-CUST-1041-A,no,none
TXN-81006,CUST-1028,2026-06-23 08:24:00,386.91,Utilities,Delhi,DEV-CUST-1028-A,no,none
TXN-81265,CUST-1036,2026-06-23 08:51:00,2239.89,Entertainment,Mumbai,DEV-CUST-1036-A,no,none
TXN-81575,CUST-1044,2026-06-23 09:23:00,2899.76,Electronics,Pune,DEV-CUST-1044-B,no,none
TXN-81056,CUST-1030,2026-06-23 09:35:00,2267.48,Pharmacy,Ahmedabad,DEV-CUST-1030-A,no,none
TXN-81023,CUST-1029,2026-06-23 09:45:00,2442.55,Pharmacy,Chennai,DEV-CUST-1029-A,no,none
TXN-80651,CUST-1019,2026-06-23 10:24:00,2152.27,Utilities,Chennai,DEV-CUST-1019-A,no,none
TXN-80169,CUST-1006,2026-06-23 11:24:00,987.57,Entertainment,Delhi,DEV-CUST-1006-A,no,none
TXN-80506,CUST-1015,2026-06-23 12:15:00,3486.04,Travel,Chennai,DEV-CUST-1015-A,no,none
TXN-81030,CUST-1029,2026-06-23 12:42:00,2226.22,Dining,Chennai,DEV-CUST-1029-A,no,none
TXN-81238,CUST-1035,2026-06-23 12:53:00,2061.69,Dining,Kolkata,DEV-CUST-1035-A,no,none
TXN-81380,CUST-1039,2026-06-23 13:01:00,442.41,Dining,Bangalore,DEV-CUST-1039-A,no,none
TXN-81262,CUST-1036,2026-06-23 13:10:00,1622.05,Entertainment,Mumbai,DEV-CUST-1036-B,no,none
TXN-81466,CUST-1041,2026-06-23 13:15:00,1746.72,Utilities,Delhi,DEV-CUST-1041-A,no,none
TXN-80913,CUST-1026,2026-06-23 13:21:00,1155.65,Utilities,Pune,DEV-CUST-1026-B,no,none
TXN-80949,CUST-1027,2026-06-23 16:25:00,2771.67,Travel,Pune,DEV-CUST-1027-B,no,none
TXN-81561,CUST-1044,2026-06-23 16:37:00,2814.17,Retail,Pune,DEV-CUST-1044-B,no,none
TXN-81454,CUST-1041,2026-06-23 17:54:00,1447.08,Electronics,Delhi,DEV-CUST-1041-A,no,none
TXN-80497,CUST-1015,2026-06-23 18:13:00,4088.43,Electronics,Chennai,DEV-CUST-1015-A,no,none
TXN-80323,CUST-1010,2026-06-23 19:33:00,5191.41,Electronics,Pune,DEV-CUST-1010-A,no,none
TXN-80006,CUST-1001,2026-06-23 20:01:00,257.92,Travel,Delhi,DEV-CUST-1001-A,no,none
TXN-80298,CUST-1010,2026-06-23 20:56:00,4043.87,Dining,Pune,DEV-CUST-1010-A,no,none
TXN-81692,CUST-1048,2026-06-23 21:16:00,4316.64,Entertainment,Pune,DEV-CUST-1048-A,no,none
TXN-81722,CUST-1049,2026-06-23 21:27:00,460.67,Online Marketplace,Mumbai,DEV-CUST-1049-A,no,none
TXN-81089,CUST-1031,2026-06-23 21:45:00,890.7,Electronics,Kolkata,DEV-CUST-1031-A,no,none
TXN-80875,CUST-1025,2026-06-23 21:55:00,2509.93,Grocery,Pune,DEV-CUST-1025-A,no,none
TXN-80997,CUST-1028,2026-06-23 22:06:00,758.75,Utilities,Delhi,DEV-CUST-1028-A,no,none
TXN-80561,CUST-1017,2026-06-23 22:37:00,1955.44,Entertainment,Kolkata,DEV-CUST-1017-A,no,none
TXN-80896,CUST-1026,2026-06-24 11:03:00,598.65,Utilities,Pune,DEV-CUST-1026-A,no,none
TXN-81490,CUST-1042,2026-06-24 11:12:00,1132.02,Entertainment,Hyderabad,DEV-CUST-1042-A,no,none
TXN-81543,CUST-1044,2026-06-24 12:00:00,1443.46,Electronics,Pune,DEV-CUST-1044-A,no,none
TXN-81070,CUST-1030,2026-06-24 12:53:00,2899.46,Pharmacy,Ahmedabad,DEV-CUST-1030-A,no,none
TXN-81241,CUST-1035,2026-06-24 13:11:00,2926.03,Dining,Kolkata,DEV-CUST-1035-A,no,none
TXN-81492,CUST-1042,2026-06-24 13:16:00,836.35,Entertainment,Hyderabad,DEV-CUST-1042-B,no,none
TXN-80743,CUST-1022,2026-06-24 13:31:00,1182.24,Travel,Delhi,DEV-CUST-1022-A,no,none
TXN-80907,CUST-1026,2026-06-24 14:45:00,862.86,Online Marketplace,Pune,DEV-CUST-1026-A,no,none
TXN-81606,CUST-1045,2026-06-24 15:31:00,1077.96,Grocery,Chennai,DEV-CUST-1045-A,no,none
TXN-80940,CUST-1027,2026-06-24 17:50:00,1836.68,Travel,Pune,DEV-CUST-1027-B,no,none
TXN-80867,CUST-1025,2026-06-24 17:53:00,4525.74,Utilities,Pune,DEV-CUST-1025-A,no,none
TXN-81114,CUST-1031,2026-06-24 18:01:00,1931.84,Grocery,Kolkata,DEV-CUST-1031-A,no,none
TXN-80705,CUST-1021,2026-06-24 19:38:00,1214.62,Entertainment,Hyderabad,DEV-CUST-1021-A,no,none
TXN-80411,CUST-1013,2026-06-24 22:40:00,1136.67,Travel,Pune,DEV-CUST-1013-A,no,none
TXN-81719,CUST-1049,2026-06-25 07:23:00,610.57,Online Marketplace,Mumbai,DEV-CUST-1049-A,no,none
TXN-80281,CUST-1009,2026-06-25 07:28:00,1133.02,Utilities,Kolkata,DEV-CUST-1009-A,no,none
TXN-81465,CUST-1041,2026-06-25 08:40:00,2860.71,Retail,Delhi,DEV-CUST-1041-A,no,none
TXN-81445,CUST-1041,2026-06-25 09:14:00,1996.07,Retail,Delhi,DEV-CUST-1041-A,no,none
TXN-80869,CUST-1025,2026-06-25 10:08:00,4091.36,Utilities,Pune,DEV-CUST-1025-A,no,none
TXN-81105,CUST-1031,2026-06-25 10:26:00,1626.09,Electronics,Kolkata,DEV-CUST-1031-A,no,none
TXN-80135,CUST-1004,2026-06-25 10:54:00,944.35,Grocery,Kolkata,DEV-CUST-1004-A,no,none
TXN-80542,CUST-1017,2026-06-25 11:02:00,2286.08,Entertainment,Kolkata,DEV-CUST-1017-A,no,none
TXN-81598,CUST-1045,2026-06-25 11:14:00,764.85,Fuel,Chennai,DEV-CUST-1045-A,no,none
TXN-81550,CUST-1044,2026-06-25 11:19:00,3174.23,Electronics,Pune,DEV-CUST-1044-A,no,none
TXN-80339,CUST-1011,2026-06-25 13:30:00,2050.55,Retail,Ahmedabad,DEV-CUST-1011-A,no,none
TXN-80823,CUST-1024,2026-06-25 13:33:00,2872.13,Fuel,Bangalore,DEV-CUST-1024-A,no,none
TXN-80873,CUST-1025,2026-06-25 14:02:00,1565.38,Utilities,Pune,DEV-CUST-1025-A,no,none
TXN-81588,CUST-1045,2026-06-25 16:02:00,985.58,Utilities,Chennai,DEV-CUST-1045-A,no,none
TXN-80061,CUST-1002,2026-06-25 16:14:00,3023.63,Pharmacy,Delhi,DEV-CUST-1002-A,no,none
TXN-81378,CUST-1038,2026-06-25 18:02:00,3581.16,Online Marketplace,Mumbai,DEV-CUST-1038-A,no,none
TXN-81385,CUST-1039,2026-06-25 19:44:00,457.18,Dining,Bangalore,DEV-CUST-1039-A,no,none
TXN-80529,CUST-1016,2026-06-25 20:44:00,277.66,Online Marketplace,Ahmedabad,DEV-CUST-1016-A,no,none
TXN-81061,CUST-1030,2026-06-25 21:05:00,2641.99,Retail,Ahmedabad,DEV-CUST-1030-A,no,none
TXN-81413,CUST-1040,2026-06-25 22:06:00,2436.53,Grocery,Delhi,DEV-CUST-1040-A,no,none
TXN-81080,CUST-1031,2026-06-26 07:05:00,2018.41,Travel,Kolkata,DEV-CUST-1031-A,no,none
TXN-81422,CUST-1040,2026-06-26 07:09:00,4829.62,Travel,Delhi,DEV-CUST-1040-A,no,none
TXN-81192,CUST-1034,2026-06-26 09:26:00,778.33,Travel,Delhi,DEV-CUST-1034-A,no,none
TXN-81583,CUST-1045,2026-06-26 09:33:00,770.53,Fuel,Chennai,DEV-CUST-1045-A,no,none
TXN-81111,CUST-1031,2026-06-26 10:02:00,1944.36,Grocery,Kolkata,DEV-CUST-1031-A,no,none
TXN-81612,CUST-1045,2026-06-26 11:02:00,788.26,Utilities,Chennai,DEV-CUST-1045-A,no,none
TXN-81639,CUST-1046,2026-06-26 11:30:00,3612.21,Fuel,Chennai,DEV-CUST-1046-B,no,none
TXN-80437,CUST-1014,2026-06-26 11:56:00,822.17,Online Marketplace,Ahmedabad,DEV-CUST-1014-A,no,none
TXN-81371,CUST-1038,2026-06-26 13:50:00,4015.4,Entertainment,Mumbai,DEV-CUST-1038-A,no,none
TXN-81322,CUST-1037,2026-06-26 14:48:00,791.77,Online Marketplace,Bangalore,DEV-CUST-1037-B,no,none
TXN-80685,CUST-1021,2026-06-26 15:46:00,967.81,Grocery,Hyderabad,DEV-CUST-1021-A,no,none
TXN-80292,CUST-1009,2026-06-26 15:59:00,1281.8,Utilities,Kolkata,DEV-CUST-1009-A,no,none
TXN-81285,CUST-1036,2026-06-26 16:05:00,2195.19,Entertainment,Mumbai,DEV-CUST-1036-A,no,none
TXN-81251,CUST-1035,2026-06-26 16:36:00,2014.81,Dining,Kolkata,DEV-CUST-1035-A,no,none
TXN-81401,CUST-1039,2026-06-26 17:16:00,510.31,Electronics,Bangalore,DEV-CUST-1039-A,no,none
TXN-80583,CUST-1018,2026-06-26 17:26:00,5343.34,Grocery,Mumbai,DEV-CUST-1018-A,no,none
TXN-81711,CUST-1049,2026-06-26 18:26:00,415.48,Grocery,Mumbai,DEV-CUST-1049-A,no,none
TXN-81017,CUST-1029,2026-06-26 20:21:00,4436.29,Pharmacy,Chennai,DEV-CUST-1029-A,no,none
TXN-81459,CUST-1041,2026-06-27 08:15:00,2338.57,Electronics,Delhi,DEV-CUST-1041-A,no,none
TXN-80645,CUST-1019,2026-06-27 08:22:00,1881.93,Fuel,Chennai,DEV-CUST-1019-B,no,none
TXN-80327,CUST-1010,2026-06-27 09:06:00,2709.41,Electronics,Pune,DEV-CUST-1010-A,no,none
TXN-81388,CUST-1039,2026-06-27 09:50:00,511.64,Electronics,Bangalore,DEV-CUST-1039-A,no,none
TXN-81624,CUST-1046,2026-06-27 10:00:00,3960.33,Electronics,Chennai,DEV-CUST-1046-B,no,none
TXN-80533,CUST-1016,2026-06-27 12:40:00,583.89,Dining,Ahmedabad,DEV-CUST-1016-A,no,none
TXN-80744,CUST-1022,2026-06-27 14:12:00,981.21,Travel,Delhi,DEV-CUST-1022-A,no,none
TXN-81416,CUST-1040,2026-06-27 14:18:00,3806.17,Grocery,Delhi,DEV-CUST-1040-A,no,none
TXN-80478,CUST-1015,2026-06-27 14:26:00,3511.76,Electronics,Chennai,DEV-CUST-1015-A,no,none
TXN-80004,CUST-1001,2026-06-27 14:42:00,436.12,Travel,Delhi,DEV-CUST-1001-A,no,none
TXN-81524,CUST-1043,2026-06-27 14:44:00,589.09,Online Marketplace,Hyderabad,DEV-CUST-1043-A,no,none
TXN-81314,CUST-1037,2026-06-27 14:53:00,667.58,Utilities,Bangalore,DEV-CUST-1037-A,no,none
TXN-81392,CUST-1039,2026-06-27 14:57:00,553.35,Dining,Bangalore,DEV-CUST-1039-A,no,none
TXN-81382,CUST-1039,2026-06-27 16:29:00,468.55,Dining,Bangalore,DEV-CUST-1039-A,no,none
TXN-81270,CUST-1036,2026-06-27 18:10:00,1595.18,Entertainment,Mumbai,DEV-CUST-1036-B,no,none
TXN-80674,CUST-1020,2026-06-27 18:13:00,2057.3,Electronics,Bangalore,DEV-CUST-1020-A,no,none
TXN-80344,CUST-1011,2026-06-27 18:20:00,2537.27,Pharmacy,Ahmedabad,DEV-CUST-1011-A,no,none
TXN-80422,CUST-1013,2026-06-27 18:55:00,1886.13,Pharmacy,Pune,DEV-CUST-1013-A,no,none
TXN-81376,CUST-1038,2026-06-27 19:11:00,3680.6,Online Marketplace,Mumbai,DEV-CUST-1038-A,no,none
TXN-81335,CUST-1037,2026-06-27 21:38:00,664.13,Online Marketplace,Bangalore,DEV-CUST-1037-A,no,none
TXN-80604,CUST-1018,2026-06-27 22:21:00,2798.97,Fuel,Mumbai,DEV-CUST-1018-A,no,none
TXN-80397,CUST-1013,2026-06-27 22:22:00,1836.37,Pharmacy,Pune,DEV-CUST-1013-A,no,none
TXN-80819,CUST-1024,2026-06-27 22:59:00,3774.91,Dining,Bangalore,DEV-CUST-1024-A,no,none
TXN-81497,CUST-1042,2026-06-28 07:24:00,371.42,Entertainment,Hyderabad,DEV-CUST-1042-B,no,none
TXN-80822,CUST-1024,2026-06-28 10:06:00,3584.47,Fuel,Bangalore,DEV-CUST-1024-A,no,none
TXN-80340,CUST-1011,2026-06-28 13:47:00,2748.32,Utilities,Ahmedabad,DEV-CUST-1011-B,no,none
TXN-81531,CUST-1043,2026-06-28 13:47:00,517.28,Online Marketplace,Hyderabad,DEV-CUST-1043-A,no,none
TXN-81175,CUST-1033,2026-06-28 15:28:00,1047.52,Travel,Bangalore,DEV-CUST-1033-B,no,none
TXN-80266,CUST-1008,2026-06-28 18:03:00,680.38,Electronics,Delhi,DEV-CUST-1008-A,no,none
TXN-81752,CUST-1050,2026-06-28 18:07:00,4326.32,Entertainment,Bangalore,DEV-CUST-1050-A,no,none
TXN-80433,CUST-1013,2026-06-28 20:52:00,2617.34,Entertainment,Pune,DEV-CUST-1013-A,no,none
TXN-80706,CUST-1021,2026-06-28 21:38:00,838.43,Online Marketplace,Hyderabad,DEV-CUST-1021-A,no,none
TXN-81084,CUST-1031,2026-06-28 21:47:00,2208.82,Travel,Kolkata,DEV-CUST-1031-A,no,none
TXN-80441,CUST-1014,2026-06-28 22:04:00,1008.29,Online Marketplace,Ahmedabad,DEV-CUST-1014-A,no,none
TXN-80060,CUST-1002,2026-06-28 22:17:00,3913.13,Grocery,Delhi,DEV-CUST-1002-A,no,none
TXN-80361,CUST-1011,2026-06-28 22:17:00,1969.37,Retail,Ahmedabad,DEV-CUST-1011-A,no,none
TXN-81043,CUST-1029,2026-06-28 22:53:00,3354.5,Pharmacy,Chennai,DEV-CUST-1029-A,no,none
TXN-81374,CUST-1038,2026-06-29 07:40:00,4594.66,Online Marketplace,Mumbai,DEV-CUST-1038-A,no,none
TXN-81351,CUST-1038,2026-06-29 08:17:00,4440.14,Entertainment,Mumbai,DEV-CUST-1038-A,no,none
TXN-80472,CUST-1014,2026-06-29 08:25:00,1090.45,Utilities,Ahmedabad,DEV-CUST-1014-B,no,none
TXN-81036,CUST-1029,2026-06-29 09:30:00,4327.33,Pharmacy,Chennai,DEV-CUST-1029-A,no,none
TXN-81450,CUST-1041,2026-06-29 09:42:00,1742.46,Fuel,Delhi,DEV-CUST-1041-A,no,none
TXN-80040,CUST-1002,2026-06-29 09:49:00,2650.66,Electronics,Delhi,DEV-CUST-1002-A,no,none
TXN-80116,CUST-1004,2026-06-29 13:39:00,795.34,Dining,Kolkata,DEV-CUST-1004-A,no,none
TXN-80874,CUST-1025,2026-06-29 13:48:00,4751.94,Entertainment,Pune,DEV-CUST-1025-A,no,none
TXN-81342,CUST-1038,2026-06-29 14:31:00,3109.63,Entertainment,Mumbai,DEV-CUST-1038-A,no,none
TXN-81515,CUST-1043,2026-06-29 15:07:00,581.44,Utilities,Hyderabad,DEV-CUST-1043-A,no,none
TXN-80537,CUST-1016,2026-06-29 15:36:00,832.02,Dining,Ahmedabad,DEV-CUST-1016-A,no,none
TXN-80470,CUST-1014,2026-06-29 17:15:00,986.07,Online Marketplace,Ahmedabad,DEV-CUST-1014-B,no,none
TXN-80725,CUST-1021,2026-06-29 18:05:00,620.23,Online Marketplace,Hyderabad,DEV-CUST-1021-A,no,none
TXN-80590,CUST-1018,2026-06-29 18:19:00,3007.05,Fuel,Mumbai,DEV-CUST-1018-A,no,none
TXN-81673,CUST-1047,2026-06-29 19:11:00,4551.36,Retail,Delhi,DEV-CUST-1047-A,no,none
TXN-81644,CUST-1046,2026-06-29 19:43:00,4354.08,Fuel,Chennai,DEV-CUST-1046-B,no,none
TXN-81353,CUST-1038,2026-06-29 20:04:00,4002.39,Entertainment,Mumbai,DEV-CUST-1038-A,no,none
TXN-81520,CUST-1043,2026-06-29 22:43:00,560.28,Fuel,Hyderabad,DEV-CUST-1043-A,no,none
TXN-81456,CUST-1041,2026-06-30 07:39:00,1542.28,Utilities,Delhi,DEV-CUST-1041-A,no,none
TXN-81254,CUST-1035,2026-06-30 08:33:00,1852.49,Grocery,Kolkata,DEV-CUST-1035-A,no,none
TXN-80693,CUST-1021,2026-06-30 08:42:00,1031.77,Entertainment,Hyderabad,DEV-CUST-1021-A,no,none
TXN-80059,CUST-1002,2026-06-30 10:46:00,3655.86,Pharmacy,Delhi,DEV-CUST-1002-A,no,none
TXN-80553,CUST-1017,2026-06-30 11:19:00,3167.41,Entertainment,Kolkata,DEV-CUST-1017-B,no,none
TXN-81448,CUST-1041,2026-06-30 13:06:00,2341.86,Fuel,Delhi,DEV-CUST-1041-A,no,none
TXN-81405,CUST-1039,2026-06-30 13:30:00,620.37,Electronics,Bangalore,DEV-CUST-1039-A,no,none
TXN-81686,CUST-1048,2026-06-30 13:51:00,3177.11,Fuel,Pune,DEV-CUST-1048-A,no,none
TXN-80939,CUST-1027,2026-06-30 14:09:00,3056.48,Travel,Pune,DEV-CUST-1027-B,no,none
TXN-80325,CUST-1010,2026-06-30 14:29:00,3100.8,Electronics,Pune,DEV-CUST-1010-A,no,none
TXN-81258,CUST-1036,2026-06-30 14:37:00,2414.79,Entertainment,Mumbai,DEV-CUST-1036-B,no,none
TXN-80594,CUST-1018,2026-06-30 14:46:00,5470.99,Fuel,Mumbai,DEV-CUST-1018-A,no,none
TXN-80805,CUST-1024,2026-06-30 17:35:00,3852.97,Electronics,Bangalore,DEV-CUST-1024-A,no,none
TXN-80709,CUST-1021,2026-06-30 19:24:00,927.73,Online Marketplace,Hyderabad,DEV-CUST-1021-A,no,none
TXN-80097,CUST-1003,2026-06-30 20:02:00,794.22,Retail,Delhi,DEV-CUST-1003-B,no,none
TXN-81671,CUST-1047,2026-06-30 20:59:00,4800.61,Retail,Delhi,DEV-CUST-1047-A,no,none
TXN-80713,CUST-1021,2026-06-30 22:50:00,924.47,Grocery,Hyderabad,DEV-CUST-1021-A,no,none
TXN-81370,CUST-1038,2026-07-01 08:27:00,3581.82,Entertainment,Mumbai,DEV-CUST-1038-A,no,none
TXN-81071,CUST-1030,2026-07-01 10:02:00,2387.85,Retail,Ahmedabad,DEV-CUST-1030-B,no,none
TXN-81171,CUST-1033,2026-07-01 10:36:00,1698.15,Entertainment,Bangalore,DEV-CUST-1033-B,no,none
TXN-81741,CUST-1050,2026-07-01 14:19:00,4079.47,Utilities,Bangalore,DEV-CUST-1050-A,no,none
TXN-81679,CUST-1048,2026-07-01 15:05:00,4616.57,Fuel,Pune,DEV-CUST-1048-A,no,none
TXN-80754,CUST-1022,2026-07-01 15:30:00,1656.06,Online Marketplace,Delhi,DEV-CUST-1022-A,no,none
TXN-81677,CUST-1048,2026-07-01 16:10:00,3189.29,Fuel,Pune,DEV-CUST-1048-A,no,none
TXN-80021,CUST-1001,2026-07-01 16:14:00,629.47,Travel,Delhi,DEV-CUST-1001-A,no,none
TXN-80646,CUST-1019,2026-07-01 16:44:00,1607.45,Fuel,Chennai,DEV-CUST-1019-B,no,none
TXN-81288,CUST-1036,2026-07-01 16:46:00,1726.23,Pharmacy,Mumbai,DEV-CUST-1036-A,no,none
TXN-80921,CUST-1026,2026-07-01 18:28:00,991.46,Utilities,Pune,DEV-CUST-1026-A,no,none
TXN-80560,CUST-1017,2026-07-01 18:31:00,2640.13,Fuel,Kolkata,DEV-CUST-1017-B,no,none
TXN-81393,CUST-1039,2026-07-01 19:13:00,491.67,Dining,Bangalore,DEV-CUST-1039-A,no,none
TXN-81535,CUST-1043,2026-07-01 19:31:00,534.34,Electronics,Hyderabad,DEV-CUST-1043-B,no,none
TXN-80214,CUST-1007,2026-07-01 20:11:00,2173.94,Travel,Delhi,DEV-CUST-1007-A,no,none
TXN-80800,CUST-1023,2026-07-01 20:20:00,637.72,Utilities,Delhi,DEV-CUST-1023-A,no,none
TXN-81457,CUST-1041,2026-07-01 20:48:00,1807.42,Retail,Delhi,DEV-CUST-1041-A,no,none
TXN-80307,CUST-1010,2026-07-01 21:48:00,3416.6,Electronics,Pune,DEV-CUST-1010-B,no,none
TXN-81201,CUST-1034,2026-07-01 21:58:00,602.1,Utilities,Delhi,DEV-CUST-1034-A,no,none
TXN-81021,CUST-1029,2026-07-02 08:08:00,4872.75,Pharmacy,Chennai,DEV-CUST-1029-A,no,none
TXN-80796,CUST-1023,2026-07-02 08:12:00,562.24,Dining,Delhi,DEV-CUST-1023-A,no,none
TXN-81665,CUST-1047,2026-07-02 09:00:00,2045.06,Fuel,Delhi,DEV-CUST-1047-A,no,none
TXN-80051,CUST-1002,2026-07-02 09:17:00,3981.49,Entertainment,Delhi,DEV-CUST-1002-A,no,none
TXN-80844,CUST-1024,2026-07-02 09:17:00,4331.43,Electronics,Bangalore,DEV-CUST-1024-A,no,none
TXN-80461,CUST-1014,2026-07-02 09:59:00,673.37,Utilities,Ahmedabad,DEV-CUST-1014-B,no,none
TXN-81366,CUST-1038,2026-07-02 11:51:00,4169.18,Online Marketplace,Mumbai,DEV-CUST-1038-A,no,none
TXN-81482,CUST-1042,2026-07-02 12:00:00,567.45,Fuel,Hyderabad,DEV-CUST-1042-A,no,none
TXN-80263,CUST-1008,2026-07-02 12:52:00,507.91,Travel,Delhi,DEV-CUST-1008-A,no,none
TXN-80341,CUST-1011,2026-07-02 13:25:00,2291.13,Retail,Ahmedabad,DEV-CUST-1011-B,no,none
TXN-81462,CUST-1041,2026-07-02 13:34:00,1929.31,Utilities,Delhi,DEV-CUST-1041-A,no,none
TXN-81661,CUST-1047,2026-07-02 13:52:00,3730.65,Fuel,Delhi,DEV-CUST-1047-A,no,none
TXN-80041,CUST-1002,2026-07-02 13:53:00,3999.03,Pharmacy,Delhi,DEV-CUST-1002-A,no,none
TXN-81596,CUST-1045,2026-07-02 15:49:00,730.62,Fuel,Chennai,DEV-CUST-1045-A,no,none
TXN-81547,CUST-1044,2026-07-02 16:02:00,3213.85,Travel,Pune,DEV-CUST-1044-B,no,none
TXN-80858,CUST-1025,2026-07-02 16:21:00,5666.58,Grocery,Pune,DEV-CUST-1025-A,no,none
TXN-80737,CUST-1022,2026-07-02 17:49:00,877.69,Online Marketplace,Delhi,DEV-CUST-1022-A,no,none
TXN-80257,CUST-1008,2026-07-02 19:19:00,380.56,Electronics,Delhi,DEV-CUST-1008-A,no,none
TXN-80428,CUST-1013,2026-07-02 19:31:00,2146.79,Travel,Pune,DEV-CUST-1013-A,no,none
TXN-80174,CUST-1006,2026-07-02 20:37:00,935.88,Online Marketplace,Delhi,DEV-CUST-1006-A,no,none
TXN-81566,CUST-1044,2026-07-02 20:45:00,3203.27,Travel,Pune,DEV-CUST-1044-A,no,none
TXN-81480,CUST-1042,2026-07-02 22:02:00,578.19,Entertainment,Hyderabad,DEV-CUST-1042-A,no,none
TXN-80202,CUST-1006,2026-07-03 08:41:00,1065.91,Online Marketplace,Delhi,DEV-CUST-1006-A,no,none
TXN-80223,CUST-1007,2026-07-03 08:48:00,1577.06,Online Marketplace,Delhi,DEV-CUST-1007-B,no,none
TXN-81394,CUST-1039,2026-07-03 09:08:00,895.07,Dining,Bangalore,DEV-CUST-1039-A,no,none
TXN-81756,CUST-1050,2026-07-03 12:12:00,2476.47,Utilities,Bangalore,DEV-CUST-1050-A,no,none
TXN-80994,CUST-1028,2026-07-03 12:49:00,741.48,Utilities,Delhi,DEV-CUST-1028-A,no,none
TXN-80648,CUST-1019,2026-07-03 13:39:00,1741.03,Utilities,Chennai,DEV-CUST-1019-A,no,none
TXN-80378,CUST-1012,2026-07-03 14:46:00,1087.42,Electronics,Mumbai,DEV-CUST-1012-A,no,none
TXN-80834,CUST-1024,2026-07-03 16:05:00,4070.55,Electronics,Bangalore,DEV-CUST-1024-A,no,none
TXN-80885,CUST-1025,2026-07-03 17:44:00,2679.15,Entertainment,Pune,DEV-CUST-1025-A,no,none
TXN-81180,CUST-1033,2026-07-03 19:19:00,995.74,Entertainment,Bangalore,DEV-CUST-1033-B,no,none
TXN-81206,CUST-1034,2026-07-03 19:19:00,454.08,Utilities,Delhi,DEV-CUST-1034-A,no,none
TXN-81158,CUST-1033,2026-07-03 21:42:00,1466.08,Entertainment,Bangalore,DEV-CUST-1033-A,no,none
TXN-80070,CUST-1002,2026-07-04 09:10:00,3400.78,Pharmacy,Delhi,DEV-CUST-1002-A,no,none
TXN-80842,CUST-1024,2026-07-04 09:25:00,4352.33,Electronics,Bangalore,DEV-CUST-1024-A,no,none
TXN-80786,CUST-1023,2026-07-04 09:27:00,389.05,Utilities,Delhi,DEV-CUST-1023-A,no,none
TXN-81745,CUST-1050,2026-07-04 12:05:00,4992.83,Entertainment,Bangalore,DEV-CUST-1050-A,no,none
TXN-81068,CUST-1030,2026-07-04 14:30:00,2025.71,Retail,Ahmedabad,DEV-CUST-1030-B,no,none
TXN-81347,CUST-1038,2026-07-04 14:56:00,1988.21,Online Marketplace,Mumbai,DEV-CUST-1038-A,no,none
TXN-80238,CUST-1007,2026-07-04 15:45:00,2300.18,Retail,Delhi,DEV-CUST-1007-A,no,none
TXN-80580,CUST-1017,2026-07-04 16:29:00,2028.14,Online Marketplace,Kolkata,DEV-CUST-1017-B,no,none
TXN-80763,CUST-1022,2026-07-04 18:23:00,554.07,Grocery,Delhi,DEV-CUST-1022-A,no,none
TXN-80268,CUST-1008,2026-07-04 18:48:00,533.57,Travel,Delhi,DEV-CUST-1008-A,no,none
TXN-80421,CUST-1013,2026-07-04 18:55:00,2773.6,Travel,Pune,DEV-CUST-1013-A,no,none
TXN-80548,CUST-1017,2026-07-04 19:41:00,3254.31,Entertainment,Kolkata,DEV-CUST-1017-B,no,none
TXN-80574,CUST-1017,2026-07-04 20:25:00,2609.32,Entertainment,Kolkata,DEV-CUST-1017-A,no,none
TXN-81142,CUST-1032,2026-07-04 22:37:00,566.66,Entertainment,Hyderabad,DEV-CUST-1032-B,no,none
TXN-81496,CUST-1042,2026-07-05 07:42:00,935.34,Fuel,Hyderabad,DEV-CUST-1042-A,no,none
TXN-81149,CUST-1033,2026-07-05 07:44:00,1706.29,Electronics,Bangalore,DEV-CUST-1033-B,no,none
TXN-80471,CUST-1014,2026-07-05 09:36:00,714.73,Utilities,Ahmedabad,DEV-CUST-1014-A,no,none
TXN-81325,CUST-1037,2026-07-05 10:15:00,926.61,Online Marketplace,Bangalore,DEV-CUST-1037-B,no,none
TXN-80224,CUST-1007,2026-07-05 10:51:00,1505.39,Retail,Delhi,DEV-CUST-1007-B,no,none
TXN-80931,CUST-1027,2026-07-05 11:10:00,2483.78,Grocery,Pune,DEV-CUST-1027-A,no,none
TXN-80502,CUST-1015,2026-07-05 12:01:00,2712.1,Travel,Chennai,DEV-CUST-1015-A,no,none
TXN-81039,CUST-1029,2026-07-05 13:21:00,4436.53,Dining,Chennai,DEV-CUST-1029-A,no,none
TXN-80302,CUST-1010,2026-07-05 13:51:00,3225.58,Electronics,Pune,DEV-CUST-1010-B,no,none
TXN-81487,CUST-1042,2026-07-05 13:59:00,896.25,Fuel,Hyderabad,DEV-CUST-1042-A,no,none
TXN-81731,CUST-1049,2026-07-05 15:19:00,740.97,Online Marketplace,Mumbai,DEV-CUST-1049-A,no,none
TXN-80376,CUST-1012,2026-07-05 16:17:00,854.76,Fuel,Mumbai,DEV-CUST-1012-A,no,none
TXN-80338,CUST-1011,2026-07-05 19:43:00,1934.47,Utilities,Ahmedabad,DEV-CUST-1011-A,no,none
TXN-81160,CUST-1033,2026-07-05 20:59:00,1803.31,Entertainment,Bangalore,DEV-CUST-1033-A,no,none
TXN-80770,CUST-1023,2026-07-05 21:49:00,801.11,Dining,Delhi,DEV-CUST-1023-A,no,none
TXN-81469,CUST-1041,2026-07-05 22:05:00,2204.87,Electronics,Delhi,DEV-CUST-1041-A,no,none
TXN-81649,CUST-1047,2026-07-05 22:42:00,3032.36,Retail,Delhi,DEV-CUST-1047-A,no,none
TXN-80918,CUST-1026,2026-07-06 07:21:00,698.43,Utilities,Pune,DEV-CUST-1026-A,no,none
TXN-80114,CUST-1004,2026-07-06 07:36:00,1496.51,Pharmacy,Kolkata,DEV-CUST-1004-A,no,none
TXN-80231,CUST-1007,2026-07-06 08:04:00,1581.66,Travel,Delhi,DEV-CUST-1007-A,no,none
TXN-81059,CUST-1030,2026-07-06 08:04:00,1455.61,Pharmacy,Ahmedabad,DEV-CUST-1030-B,no,none
TXN-80132,CUST-1004,2026-07-06 08:44:00,952.37,Dining,Kolkata,DEV-CUST-1004-A,no,none
TXN-81310,CUST-1037,2026-07-06 09:55:00,1124.4,Online Marketplace,Bangalore,DEV-CUST-1037-A,no,none
TXN-80801,CUST-1023,2026-07-06 10:25:00,604.89,Utilities,Delhi,DEV-CUST-1023-A,no,none
TXN-80975,CUST-1028,2026-07-06 15:08:00,510.12,Travel,Delhi,DEV-CUST-1028-A,no,none
TXN-80571,CUST-1017,2026-07-06 15:41:00,2180.61,Entertainment,Kolkata,DEV-CUST-1017-A,no,none
TXN-81115,CUST-1031,2026-07-06 18:22:00,2082.59,Electronics,Kolkata,DEV-CUST-1031-A,no,none
TXN-80559,CUST-1017,2026-07-06 18:52:00,1887.24,Online Marketplace,Kolkata,DEV-CUST-1017-A,no,none
TXN-81708,CUST-1049,2026-07-06 19:05:00,693.36,Online Marketplace,Mumbai,DEV-CUST-1049-A,no,none
TXN-80039,CUST-1002,2026-07-06 20:16:00,4001.66,Electronics,Delhi,DEV-CUST-1002-A,no,none
TXN-81537,CUST-1043,2026-07-06 21:23:00,674.5,Online Marketplace,Hyderabad,DEV-CUST-1043-B,no,none
TXN-81754,CUST-1050,2026-07-06 22:12:00,4171.86,Entertainment,Bangalore,DEV-CUST-1050-A,no,none
TXN-81343,CUST-1038,2026-07-06 22:57:00,3159.95,Online Marketplace,Mumbai,DEV-CUST-1038-A,no,none
TXN-80562,CUST-1017,2026-07-07 07:24:00,2318.0,Online Marketplace,Kolkata,DEV-CUST-1017-A,no,none
TXN-80741,CUST-1022,2026-07-07 09:25:00,943.29,Travel,Delhi,DEV-CUST-1022-A,no,none
TXN-80183,CUST-1006,2026-07-07 09:41:00,1588.0,Online Marketplace,Delhi,DEV-CUST-1006-A,no,none
TXN-80679,CUST-1020,2026-07-07 09:57:00,2750.59,Travel,Bangalore,DEV-CUST-1020-A,no,none
TXN-81668,CUST-1047,2026-07-07 10:09:00,4801.83,Fuel,Delhi,DEV-CUST-1047-A,no,none
TXN-81227,CUST-1035,2026-07-07 11:07:00,1557.12,Pharmacy,Kolkata,DEV-CUST-1035-A,no,none
TXN-80960,CUST-1027,2026-07-07 11:08:00,3442.21,Grocery,Pune,DEV-CUST-1027-A,no,none
TXN-81379,CUST-1039,2026-07-07 12:14:00,779.62,Electronics,Bangalore,DEV-CUST-1039-A,no,none
TXN-81085,CUST-1031,2026-07-07 12:51:00,1667.59,Travel,Kolkata,DEV-CUST-1031-A,no,none
TXN-81117,CUST-1032,2026-07-07 12:57:00,600.35,Utilities,Hyderabad,DEV-CUST-1032-A,no,none
TXN-80029,CUST-1001,2026-07-07 14:17:00,437.11,Travel,Delhi,DEV-CUST-1001-A,no,none
TXN-80787,CUST-1023,2026-07-07 15:26:00,621.45,Utilities,Delhi,DEV-CUST-1023-A,no,none
TXN-80473,CUST-1014,2026-07-07 16:20:00,1112.83,Online Marketplace,Ahmedabad,DEV-CUST-1014-A,no,none
TXN-80094,CUST-1003,2026-07-07 16:53:00,674.35,Retail,Delhi,DEV-CUST-1003-A,no,none
TXN-81143,CUST-1032,2026-07-07 17:03:00,644.87,Entertainment,Hyderabad,DEV-CUST-1032-B,no,none
TXN-80942,CUST-1027,2026-07-07 18:38:00,2589.78,Grocery,Pune,DEV-CUST-1027-A,no,none
TXN-80201,CUST-1006,2026-07-07 19:32:00,430.52,Grocery,Delhi,DEV-CUST-1006-A,no,none
TXN-80715,CUST-1021,2026-07-07 20:16:00,1032.19,Grocery,Hyderabad,DEV-CUST-1021-A,no,none
TXN-80670,CUST-1020,2026-07-07 21:24:00,2370.66,Electronics,Bangalore,DEV-CUST-1020-A,no,none
TXN-80301,CUST-1010,2026-07-07 21:41:00,2516.36,Dining,Pune,DEV-CUST-1010-B,no,none
TXN-80974,CUST-1028,2026-07-07 22:05:00,642.66,Utilities,Delhi,DEV-CUST-1028-A,no,none
TXN-81595,CUST-1045,2026-07-07 22:05:00,911.62,Utilities,Chennai,DEV-CUST-1045-A,no,none
TXN-80782,CUST-1023,2026-07-07 22:34:00,563.1,Utilities,Delhi,DEV-CUST-1023-A,no,none
TXN-80955,CUST-1027,2026-07-08 08:23:00,3832.54,Grocery,Pune,DEV-CUST-1027-B,no,none
TXN-81235,CUST-1035,2026-07-08 08:35:00,1921.2,Grocery,Kolkata,DEV-CUST-1035-A,no,none
TXN-80451,CUST-1014,2026-07-08 08:50:00,1348.44,Online Marketplace,Ahmedabad,DEV-CUST-1014-B,no,none
TXN-80677,CUST-1020,2026-07-08 09:16:00,3319.78,Electronics,Bangalore,DEV-CUST-1020-A,no,none
TXN-81076,CUST-1031,2026-07-08 11:51:00,1819.88,Travel,Kolkata,DEV-CUST-1031-A,no,none
TXN-81691,CUST-1048,2026-07-08 12:04:00,3343.59,Utilities,Pune,DEV-CUST-1048-A,no,none
TXN-81685,CUST-1048,2026-07-08 12:09:00,3353.9,Fuel,Pune,DEV-CUST-1048-A,no,none
TXN-81507,CUST-1042,2026-07-08 13:45:00,1069.57,Fuel,Hyderabad,DEV-CUST-1042-A,no,none
TXN-80091,CUST-1003,2026-07-08 15:26:00,1219.93,Utilities,Delhi,DEV-CUST-1003-B,no,none
TXN-80482,CUST-1015,2026-07-08 15:54:00,3328.71,Travel,Chennai,DEV-CUST-1015-A,no,none
TXN-80474,CUST-1014,2026-07-08 16:47:00,1028.38,Utilities,Ahmedabad,DEV-CUST-1014-B,no,none
TXN-80168,CUST-1005,2026-07-08 17:07:00,1893.83,Electronics,Hyderabad,DEV-CUST-1005-B,no,none
TXN-80119,CUST-1004,2026-07-08 17:47:00,770.09,Pharmacy,Kolkata,DEV-CUST-1004-A,no,none
TXN-80650,CUST-1019,2026-07-08 21:11:00,1411.43,Fuel,Chennai,DEV-CUST-1019-A,no,none
TXN-80880,CUST-1025,2026-07-08 21:25:00,3711.48,Utilities,Pune,DEV-CUST-1025-A,no,none
TXN-81233,CUST-1035,2026-07-08 21:27:00,2511.18,Dining,Kolkata,DEV-CUST-1035-A,no,none
TXN-81303,CUST-1037,2026-07-08 22:01:00,931.9,Utilities,Bangalore,DEV-CUST-1037-A,no,none
TXN-80902,CUST-1026,2026-07-08 22:08:00,649.77,Online Marketplace,Pune,DEV-CUST-1026-B,no,none
TXN-80781,CUST-1023,2026-07-09 07:00:00,349.92,Utilities,Delhi,DEV-CUST-1023-A,no,none
TXN-80831,CUST-1024,2026-07-09 07:19:00,4105.62,Pharmacy,Bangalore,DEV-CUST-1024-A,no,none
TXN-81749,CUST-1050,2026-07-09 07:57:00,3990.73,Entertainment,Bangalore,DEV-CUST-1050-A,no,none
TXN-81245,CUST-1035,2026-07-09 09:08:00,1993.49,Grocery,Kolkata,DEV-CUST-1035-A,no,none
TXN-81607,CUST-1045,2026-07-09 10:06:00,733.73,Utilities,Chennai,DEV-CUST-1045-A,no,none
TXN-81603,CUST-1045,2026-07-09 10:17:00,547.47,Retail,Chennai,DEV-CUST-1045-A,no,none
TXN-80330,CUST-1011,2026-07-09 11:42:00,1786.54,Travel,Ahmedabad,DEV-CUST-1011-B,no,none
TXN-80242,CUST-1007,2026-07-09 12:45:00,1934.96,Travel,Delhi,DEV-CUST-1007-A,no,none
TXN-81183,CUST-1033,2026-07-09 13:55:00,2572.52,Entertainment,Bangalore,DEV-CUST-1033-B,no,none
TXN-80530,CUST-1016,2026-07-09 14:06:00,485.98,Dining,Ahmedabad,DEV-CUST-1016-A,no,none
TXN-80331,CUST-1011,2026-07-09 15:03:00,1235.56,Travel,Ahmedabad,DEV-CUST-1011-B,no,none
TXN-81091,CUST-1031,2026-07-09 16:31:00,1332.28,Grocery,Kolkata,DEV-CUST-1031-A,no,none
TXN-81468,CUST-1041,2026-07-09 16:36:00,1468.02,Electronics,Delhi,DEV-CUST-1041-A,no,none
TXN-81403,CUST-1039,2026-07-09 16:52:00,309.58,Electronics,Bangalore,DEV-CUST-1039-A,no,none
TXN-80953,CUST-1027,2026-07-09 16:58:00,3125.71,Travel,Pune,DEV-CUST-1027-A,no,none
TXN-80901,CUST-1026,2026-07-09 17:23:00,1233.4,Utilities,Pune,DEV-CUST-1026-A,no,none
TXN-80382,CUST-1012,2026-07-09 17:38:00,607.74,Electronics,Mumbai,DEV-CUST-1012-A,no,none
TXN-80672,CUST-1020,2026-07-09 18:00:00,3517.33,Utilities,Bangalore,DEV-CUST-1020-A,no,none
TXN-81244,CUST-1035,2026-07-09 18:44:00,1898.91,Pharmacy,Kolkata,DEV-CUST-1035-A,no,none
TXN-81154,CUST-1033,2026-07-09 19:51:00,1547.69,Travel,Bangalore,DEV-CUST-1033-A,no,none
TXN-80582,CUST-1018,2026-07-09 20:03:00,2839.99,Fuel,Mumbai,DEV-CUST-1018-A,no,none
TXN-80324,CUST-1010,2026-07-09 21:43:00,5242.05,Online Marketplace,Pune,DEV-CUST-1010-B,no,none
TXN-81578,CUST-1044,2026-07-09 22:18:00,2240.64,Travel,Pune,DEV-CUST-1044-A,no,none
TXN-80927,CUST-1026,2026-07-10 08:43:00,1163.73,Utilities,Pune,DEV-CUST-1026-B,no,none
TXN-81568,CUST-1044,2026-07-10 09:19:00,2600.52,Travel,Pune,DEV-CUST-1044-B,no,none
TXN-81522,CUST-1043,2026-07-10 10:17:00,308.31,Fuel,Hyderabad,DEV-CUST-1043-A,no,none
TXN-81147,CUST-1033,2026-07-10 10:21:00,2070.25,Travel,Bangalore,DEV-CUST-1033-B,no,none
TXN-81015,CUST-1029,2026-07-10 10:29:00,2227.59,Dining,Chennai,DEV-CUST-1029-A,no,none
TXN-80044,CUST-1002,2026-07-10 10:37:00,4376.09,Electronics,Delhi,DEV-CUST-1002-A,no,none
TXN-81678,CUST-1048,2026-07-10 13:35:00,3416.95,Utilities,Pune,DEV-CUST-1048-A,no,none
TXN-80009,CUST-1001,2026-07-10 14:14:00,697.18,Dining,Delhi,DEV-CUST-1001-A,no,none
TXN-80552,CUST-1017,2026-07-10 15:53:00,3099.21,Entertainment,Kolkata,DEV-CUST-1017-A,no,none
TXN-81304,CUST-1037,2026-07-10 16:13:00,779.56,Online Marketplace,Bangalore,DEV-CUST-1037-B,no,none
TXN-80890,CUST-1026,2026-07-10 16:46:00,796.31,Utilities,Pune,DEV-CUST-1026-B,no,none
TXN-80936,CUST-1027,2026-07-10 17:52:00,2821.1,Grocery,Pune,DEV-CUST-1027-A,no,none
TXN-80780,CUST-1023,2026-07-10 18:26:00,753.09,Dining,Delhi,DEV-CUST-1023-A,no,none
TXN-80057,CUST-1002,2026-07-10 18:30:00,2741.79,Grocery,Delhi,DEV-CUST-1002-A,no,none
TXN-80003,CUST-1001,2026-07-10 18:57:00,966.55,Travel,Delhi,DEV-CUST-1001-A,no,none
TXN-81319,CUST-1037,2026-07-10 20:43:00,1051.04,Utilities,Bangalore,DEV-CUST-1037-A,no,none
TXN-81420,CUST-1040,2026-07-10 20:52:00,3011.85,Grocery,Delhi,DEV-CUST-1040-A,no,none
TXN-80486,CUST-1015,2026-07-10 21:16:00,4100.88,Pharmacy,Chennai,DEV-CUST-1015-A,no,none
TXN-81473,CUST-1041,2026-07-10 21:18:00,1365.29,Utilities,Delhi,DEV-CUST-1041-A,no,none
TXN-80229,CUST-1007,2026-07-10 21:38:00,1745.17,Retail,Delhi,DEV-CUST-1007-B,no,none
TXN-80265,CUST-1008,2026-07-10 22:01:00,726.58,Travel,Delhi,DEV-CUST-1008-A,no,none
TXN-80792,CUST-1023,2026-07-10 22:23:00,742.0,Dining,Delhi,DEV-CUST-1023-A,no,none
TXN-80362,CUST-1012,2026-07-11 07:13:00,925.51,Electronics,Mumbai,DEV-CUST-1012-A,no,none
TXN-81604,CUST-1045,2026-07-11 08:11:00,1307.15,Fuel,Chennai,DEV-CUST-1045-A,no,none
TXN-81705,CUST-1049,2026-07-11 08:38:00,608.16,Online Marketplace,Mumbai,DEV-CUST-1049-A,no,none
TXN-80544,CUST-1017,2026-07-11 09:05:00,2484.94,Entertainment,Kolkata,DEV-CUST-1017-B,no,none
TXN-80398,CUST-1013,2026-07-11 09:19:00,2600.14,Travel,Pune,DEV-CUST-1013-A,no,none
TXN-80624,CUST-1019,2026-07-11 10:31:00,1334.59,Fuel,Chennai,DEV-CUST-1019-A,no,none
TXN-80839,CUST-1024,2026-07-11 11:20:00,2881.99,Dining,Bangalore,DEV-CUST-1024-A,no,none
TXN-81651,CUST-1047,2026-07-11 11:24:00,2024.58,Travel,Delhi,DEV-CUST-1047-A,no,none
TXN-81321,CUST-1037,2026-07-11 11:26:00,1035.98,Online Marketplace,Bangalore,DEV-CUST-1037-A,no,none
TXN-81736,CUST-1050,2026-07-11 12:27:00,3176.42,Entertainment,Bangalore,DEV-CUST-1050-A,no,none
TXN-80284,CUST-1009,2026-07-11 12:29:00,1593.77,Utilities,Kolkata,DEV-CUST-1009-A,no,none
TXN-80584,CUST-1018,2026-07-11 12:49:00,3351.33,Utilities,Mumbai,DEV-CUST-1018-A,no,none
TXN-80261,CUST-1008,2026-07-11 14:29:00,717.7,Electronics,Delhi,DEV-CUST-1008-A,no,none
TXN-80222,CUST-1007,2026-07-11 16:32:00,1929.71,Retail,Delhi,DEV-CUST-1007-B,no,none
TXN-81173,CUST-1033,2026-07-11 17:53:00,1413.95,Entertainment,Bangalore,DEV-CUST-1033-A,no,none
TXN-81518,CUST-1043,2026-07-11 18:51:00,670.43,Electronics,Hyderabad,DEV-CUST-1043-A,no,none
TXN-80444,CUST-1014,2026-07-11 18:56:00,995.2,Online Marketplace,Ahmedabad,DEV-CUST-1014-A,no,none
TXN-80877,CUST-1025,2026-07-11 19:39:00,4557.51,Retail,Pune,DEV-CUST-1025-A,no,none
TXN-80511,CUST-1016,2026-07-12 08:01:00,740.42,Dining,Ahmedabad,DEV-CUST-1016-A,no,none
TXN-81625,CUST-1046,2026-07-12 09:45:00,4011.05,Fuel,Chennai,DEV-CUST-1046-B,no,none
TXN-80162,CUST-1005,2026-07-12 09:56:00,1332.22,Electronics,Hyderabad,DEV-CUST-1005-A,no,none
TXN-80228,CUST-1007,2026-07-12 10:05:00,2419.8,Retail,Delhi,DEV-CUST-1007-B,no,none
TXN-81753,CUST-1050,2026-07-12 11:14:00,4661.85,Entertainment,Bangalore,DEV-CUST-1050-A,no,none
TXN-81738,CUST-1050,2026-07-12 13:05:00,3094.29,Entertainment,Bangalore,DEV-CUST-1050-A,no,none
TXN-80038,CUST-1001,2026-07-12 13:29:00,529.47,Dining,Delhi,DEV-CUST-1001-A,no,none
TXN-81447,CUST-1041,2026-07-12 13:39:00,1949.63,Electronics,Delhi,DEV-CUST-1041-A,no,none
TXN-80096,CUST-1003,2026-07-12 13:44:00,1231.65,Utilities,Delhi,DEV-CUST-1003-B,no,none
TXN-80306,CUST-1010,2026-07-12 14:00:00,3728.63,Travel,Pune,DEV-CUST-1010-B,no,none
TXN-81387,CUST-1039,2026-07-12 14:03:00,516.46,Dining,Bangalore,DEV-CUST-1039-A,no,none
TXN-80250,CUST-1008,2026-07-12 14:22:00,660.81,Online Marketplace,Delhi,DEV-CUST-1008-A,no,none
TXN-80425,CUST-1013,2026-07-12 16:18:00,1115.95,Pharmacy,Pune,DEV-CUST-1013-A,no,none
TXN-80297,CUST-1010,2026-07-12 16:41:00,4895.06,Dining,Pune,DEV-CUST-1010-A,no,none
TXN-81058,CUST-1030,2026-07-12 18:57:00,2136.07,Retail,Ahmedabad,DEV-CUST-1030-B,no,none
TXN-81591,CUST-1045,2026-07-12 19:32:00,844.36,Retail,Chennai,DEV-CUST-1045-A,no,none
TXN-81044,CUST-1030,2026-07-12 20:37:00,1817.83,Pharmacy,Ahmedabad,DEV-CUST-1030-A,no,none
TXN-80814,CUST-1024,2026-07-12 20:41:00,3345.33,Pharmacy,Bangalore,DEV-CUST-1024-A,no,none
TXN-80315,CUST-1010,2026-07-12 21:07:00,2910.45,Online Marketplace,Pune,DEV-CUST-1010-A,no,none
TXN-81505,CUST-1042,2026-07-12 21:14:00,721.81,Fuel,Hyderabad,DEV-CUST-1042-B,no,none
TXN-80777,CUST-1023,2026-07-12 22:29:00,784.78,Dining,Delhi,DEV-CUST-1023-A,no,none
TXN-81219,CUST-1034,2026-07-13 07:18:00,505.2,Utilities,Delhi,DEV-CUST-1034-A,no,none
TXN-81455,CUST-1041,2026-07-13 07:38:00,2218.22,Retail,Delhi,DEV-CUST-1041-A,no,none
TXN-80793,CUST-1023,2026-07-13 09:53:00,600.3,Dining,Delhi,DEV-CUST-1023-A,no,none
TXN-80277,CUST-1009,2026-07-13 10:26:00,736.83,Utilities,Kolkata,DEV-CUST-1009-A,no,none
TXN-80189,CUST-1006,2026-07-13 10:35:00,1093.3,Grocery,Delhi,DEV-CUST-1006-A,no,none
TXN-80585,CUST-1018,2026-07-13 12:20:00,3443.55,Retail,Mumbai,DEV-CUST-1018-A,no,none
TXN-80510,CUST-1015,2026-07-13 13:51:00,3395.33,Retail,Chennai,DEV-CUST-1015-A,no,none
TXN-81057,CUST-1030,2026-07-13 14:34:00,2188.23,Pharmacy,Ahmedabad,DEV-CUST-1030-A,no,none
TXN-81559,CUST-1044,2026-07-13 15:09:00,2803.72,Electronics,Pune,DEV-CUST-1044-A,no,none
TXN-80657,CUST-1020,2026-07-13 18:18:00,2705.77,Electronics,Bangalore,DEV-CUST-1020-A,no,none
TXN-80393,CUST-1013,2026-07-13 20:06:00,2982.58,Pharmacy,Pune,DEV-CUST-1013-A,no,none
TXN-80903,CUST-1026,2026-07-13 20:33:00,938.47,Online Marketplace,Pune,DEV-CUST-1026-A,no,none
TXN-80083,CUST-1003,2026-07-13 20:44:00,568.47,Retail,Delhi,DEV-CUST-1003-A,no,none
TXN-80381,CUST-1012,2026-07-13 20:52:00,1045.54,Electronics,Mumbai,DEV-CUST-1012-A,no,none
TXN-81683,CUST-1048,2026-07-13 20:57:00,3478.32,Utilities,Pune,DEV-CUST-1048-A,no,none
TXN-81640,CUST-1046,2026-07-13 22:09:00,1655.84,Fuel,Chennai,DEV-CUST-1046-A,no,none
TXN-81363,CUST-1038,2026-07-14 07:29:00,2341.85,Online Marketplace,Mumbai,DEV-CUST-1038-A,no,none
TXN-80970,CUST-1028,2026-07-14 07:30:00,400.2,Travel,Delhi,DEV-CUST-1028-A,no,none
TXN-80052,CUST-1002,2026-07-14 07:31:00,3057.05,Grocery,Delhi,DEV-CUST-1002-A,no,none
TXN-80723,CUST-1021,2026-07-14 08:10:00,654.72,Grocery,Hyderabad,DEV-CUST-1021-A,no,none
TXN-80978,CUST-1028,2026-07-14 09:09:00,492.18,Utilities,Delhi,DEV-CUST-1028-A,no,none
TXN-81406,CUST-1039,2026-07-14 09:20:00,798.44,Dining,Bangalore,DEV-CUST-1039-A,no,none
TXN-80850,CUST-1025,2026-07-14 10:19:00,2716.57,Grocery,Pune,DEV-CUST-1025-A,no,none
TXN-80735,CUST-1022,2026-07-14 10:51:00,969.21,Online Marketplace,Delhi,DEV-CUST-1022-A,no,none
TXN-81577,CUST-1044,2026-07-14 14:53:00,1466.16,Electronics,Pune,DEV-CUST-1044-B,no,none
TXN-81750,CUST-1050,2026-07-14 18:30:00,4520.74,Entertainment,Bangalore,DEV-CUST-1050-A,no,none
TXN-80629,CUST-1019,2026-07-14 18:53:00,1261.08,Utilities,Chennai,DEV-CUST-1019-A,no,none
TXN-81434,CUST-1040,2026-07-14 19:54:00,2494.31,Electronics,Delhi,DEV-CUST-1040-A,no,none
TXN-80194,CUST-1006,2026-07-14 22:12:00,1417.28,Grocery,Delhi,DEV-CUST-1006-A,no,none
TXN-80527,CUST-1016,2026-07-14 22:45:00,951.66,Dining,Ahmedabad,DEV-CUST-1016-A,no,none
TXN-80924,CUST-1026,2026-07-14 22:46:00,940.31,Utilities,Pune,DEV-CUST-1026-B,no,none
TXN-80395,CUST-1013,2026-07-15 07:30:00,3013.3,Travel,Pune,DEV-CUST-1013-A,no,none
TXN-80846,CUST-1025,2026-07-15 07:49:00,3931.07,Utilities,Pune,DEV-CUST-1025-A,no,none
TXN-81282,CUST-1036,2026-07-15 07:52:00,1281.53,Pharmacy,Mumbai,DEV-CUST-1036-A,no,none
TXN-81216,CUST-1034,2026-07-15 09:13:00,612.77,Travel,Delhi,DEV-CUST-1034-A,no,none
TXN-80177,CUST-1006,2026-07-15 11:15:00,1384.22,Grocery,Delhi,DEV-CUST-1006-A,no,none
TXN-80290,CUST-1009,2026-07-15 11:18:00,1512.43,Dining,Kolkata,DEV-CUST-1009-A,no,none
TXN-81073,CUST-1030,2026-07-15 11:23:00,638.37,Retail,Ahmedabad,DEV-CUST-1030-A,no,none
TXN-80989,CUST-1028,2026-07-15 14:46:00,579.59,Utilities,Delhi,DEV-CUST-1028-A,no,none
TXN-80656,CUST-1020,2026-07-15 14:56:00,2479.07,Utilities,Bangalore,DEV-CUST-1020-A,no,none
TXN-81292,CUST-1036,2026-07-15 16:18:00,529.54,Entertainment,Mumbai,DEV-CUST-1036-A,no,none
TXN-81145,CUST-1033,2026-07-15 18:26:00,1406.56,Travel,Bangalore,DEV-CUST-1033-A,no,none
TXN-80407,CUST-1013,2026-07-15 18:54:00,2128.76,Pharmacy,Pune,DEV-CUST-1013-A,no,none
TXN-81659,CUST-1047,2026-07-15 18:54:00,4388.0,Fuel,Delhi,DEV-CUST-1047-A,no,none
TXN-81527,CUST-1043,2026-07-15 19:25:00,817.44,Utilities,Hyderabad,DEV-CUST-1043-A,no,none
TXN-80837,CUST-1024,2026-07-15 20:26:00,3901.58,Fuel,Bangalore,DEV-CUST-1024-A,no,none
TXN-80047,CUST-1002,2026-07-15 20:42:00,2785.97,Grocery,Delhi,DEV-CUST-1002-A,no,none
TXN-81729,CUST-1049,2026-07-15 21:26:00,780.77,Retail,Mumbai,DEV-CUST-1049-A,no,none
TXN-81700,CUST-1048,2026-07-15 21:29:00,3883.96,Fuel,Pune,DEV-CUST-1048-A,no,none
TXN-80847,CUST-1025,2026-07-15 21:39:00,3661.44,Entertainment,Pune,DEV-CUST-1025-A,no,none
TXN-81479,CUST-1041,2026-07-15 22:40:00,1538.08,Electronics,Delhi,DEV-CUST-1041-A,no,none
TXN-81267,CUST-1036,2026-07-16 08:49:00,2055.31,Fuel,Mumbai,DEV-CUST-1036-A,no,none
TXN-81079,CUST-1031,2026-07-16 09:20:00,2406.26,Electronics,Kolkata,DEV-CUST-1031-A,no,none
TXN-80678,CUST-1020,2026-07-16 11:42:00,3081.57,Utilities,Bangalore,DEV-CUST-1020-A,no,none
TXN-80804,CUST-1023,2026-07-16 11:44:00,474.55,Utilities,Delhi,DEV-CUST-1023-A,no,none
TXN-80964,CUST-1028,2026-07-16 14:11:00,588.76,Travel,Delhi,DEV-CUST-1028-A,no,none
TXN-81627,CUST-1046,2026-07-16 14:46:00,4032.73,Fuel,Chennai,DEV-CUST-1046-A,no,none
TXN-80579,CUST-1017,2026-07-16 14:47:00,2951.17,Entertainment,Kolkata,DEV-CUST-1017-B,no,none
TXN-81264,CUST-1036,2026-07-16 15:22:00,2091.14,Entertainment,Mumbai,DEV-CUST-1036-A,no,none
TXN-81237,CUST-1035,2026-07-16 15:37:00,2263.73,Grocery,Kolkata,DEV-CUST-1035-A,no,none
TXN-80698,CUST-1021,2026-07-16 18:31:00,1503.7,Online Marketplace,Hyderabad,DEV-CUST-1021-A,no,none
TXN-80730,CUST-1022,2026-07-16 19:25:00,1200.32,Online Marketplace,Delhi,DEV-CUST-1022-A,no,none
TXN-81712,CUST-1049,2026-07-16 19:52:00,621.4,Grocery,Mumbai,DEV-CUST-1049-A,no,none
TXN-80501,CUST-1015,2026-07-16 22:34:00,3657.68,Travel,Chennai,DEV-CUST-1015-A,no,none
TXN-80641,CUST-1019,2026-07-16 22:37:00,1197.19,Utilities,Chennai,DEV-CUST-1019-B,no,none
TXN-81130,CUST-1032,2026-07-16 22:42:00,680.37,Entertainment,Hyderabad,DEV-CUST-1032-B,no,none
TXN-81400,CUST-1039,2026-07-17 08:34:00,706.36,Dining,Bangalore,DEV-CUST-1039-A,no,none
TXN-80627,CUST-1019,2026-07-17 08:52:00,1883.89,Utilities,Chennai,DEV-CUST-1019-B,no,none
TXN-80371,CUST-1012,2026-07-17 10:05:00,1093.07,Fuel,Mumbai,DEV-CUST-1012-A,no,none
TXN-80682,CUST-1020,2026-07-17 11:43:00,3511.54,Travel,Bangalore,DEV-CUST-1020-A,no,none
TXN-81546,CUST-1044,2026-07-17 12:27:00,2237.24,Retail,Pune,DEV-CUST-1044-A,no,none
TXN-80755,CUST-1022,2026-07-17 12:31:00,922.35,Grocery,Delhi,DEV-CUST-1022-A,no,none
TXN-81128,CUST-1032,2026-07-17 13:21:00,211.03,Utilities,Hyderabad,DEV-CUST-1032-B,no,none
TXN-80243,CUST-1007,2026-07-17 14:07:00,2594.06,Online Marketplace,Delhi,DEV-CUST-1007-B,no,none
TXN-81275,CUST-1036,2026-07-17 14:09:00,1811.13,Fuel,Mumbai,DEV-CUST-1036-A,no,none
TXN-80818,CUST-1024,2026-07-17 14:38:00,3577.54,Dining,Bangalore,DEV-CUST-1024-A,no,none
TXN-80729,CUST-1022,2026-07-17 14:41:00,1375.6,Grocery,Delhi,DEV-CUST-1022-A,no,none
TXN-81005,CUST-1028,2026-07-17 17:05:00,737.46,Travel,Delhi,DEV-CUST-1028-A,no,none
TXN-80453,CUST-1014,2026-07-17 17:08:00,574.19,Online Marketplace,Ahmedabad,DEV-CUST-1014-B,no,none
TXN-80405,CUST-1013,2026-07-17 17:12:00,2029.67,Entertainment,Pune,DEV-CUST-1013-A,no,none
TXN-80609,CUST-1018,2026-07-17 17:27:00,3471.87,Utilities,Mumbai,DEV-CUST-1018-A,no,none
TXN-80244,CUST-1008,2026-07-17 18:29:00,575.2,Online Marketplace,Delhi,DEV-CUST-1008-A,no,none
TXN-81608,CUST-1045,2026-07-17 18:47:00,602.24,Grocery,Chennai,DEV-CUST-1045-A,no,none
TXN-81210,CUST-1034,2026-07-17 20:18:00,983.3,Travel,Delhi,DEV-CUST-1034-A,no,none
TXN-81658,CUST-1047,2026-07-17 22:08:00,3932.11,Fuel,Delhi,DEV-CUST-1047-A,no,none
TXN-81096,CUST-1031,2026-07-18 07:54:00,1935.89,Online Marketplace,Kolkata,DEV-CUST-1031-A,no,none
TXN-81431,CUST-1040,2026-07-18 09:48:00,4678.02,Travel,Delhi,DEV-CUST-1040-A,no,none
TXN-80967,CUST-1028,2026-07-18 10:37:00,371.82,Utilities,Delhi,DEV-CUST-1028-A,no,none
TXN-80002,CUST-1001,2026-07-18 11:27:00,741.52,Travel,Delhi,DEV-CUST-1001-A,no,none
TXN-80153,CUST-1005,2026-07-18 11:35:00,1898.8,Pharmacy,Hyderabad,DEV-CUST-1005-B,no,none
TXN-80464,CUST-1014,2026-07-18 11:47:00,904.68,Online Marketplace,Ahmedabad,DEV-CUST-1014-A,no,none
TXN-81072,CUST-1030,2026-07-18 12:13:00,1776.99,Pharmacy,Ahmedabad,DEV-CUST-1030-B,no,none
TXN-80977,CUST-1028,2026-07-18 12:16:00,622.35,Utilities,Delhi,DEV-CUST-1028-A,no,none
TXN-81383,CUST-1039,2026-07-18 12:33:00,1117.35,Electronics,Bangalore,DEV-CUST-1039-A,no,none
TXN-81340,CUST-1038,2026-07-18 13:28:00,4841.83,Online Marketplace,Mumbai,DEV-CUST-1038-A,no,none
TXN-81229,CUST-1035,2026-07-18 13:31:00,1379.94,Dining,Kolkata,DEV-CUST-1035-A,no,none
TXN-80217,CUST-1007,2026-07-18 15:47:00,2589.11,Retail,Delhi,DEV-CUST-1007-A,no,none
TXN-81499,CUST-1042,2026-07-18 17:20:00,1118.28,Entertainment,Hyderabad,DEV-CUST-1042-B,no,none
TXN-81733,CUST-1050,2026-07-18 17:21:00,4046.73,Utilities,Bangalore,DEV-CUST-1050-A,no,none
TXN-80235,CUST-1007,2026-07-18 18:28:00,1848.27,Travel,Delhi,DEV-CUST-1007-B,no,none
TXN-81503,CUST-1042,2026-07-18 21:39:00,722.65,Entertainment,Hyderabad,DEV-CUST-1042-A,no,none
TXN-81051,CUST-1030,2026-07-18 21:45:00,1202.78,Pharmacy,Ahmedabad,DEV-CUST-1030-B,no,none
TXN-80720,CUST-1021,2026-07-18 22:16:00,1173.19,Entertainment,Hyderabad,DEV-CUST-1021-A,no,none
TXN-80795,CUST-1023,2026-07-19 07:07:00,834.55,Dining,Delhi,DEV-CUST-1023-A,no,none
TXN-81662,CUST-1047,2026-07-19 07:44:00,4932.23,Travel,Delhi,DEV-CUST-1047-A,no,none
TXN-80888,CUST-1026,2026-07-19 08:49:00,639.53,Online Marketplace,Pune,DEV-CUST-1026-B,no,none
TXN-80753,CUST-1022,2026-07-19 10:20:00,814.91,Travel,Delhi,DEV-CUST-1022-A,no,none
TXN-80856,CUST-1025,2026-07-19 10:57:00,3956.51,Utilities,Pune,DEV-CUST-1025-A,no,none
TXN-80643,CUST-1019,2026-07-19 11:03:00,1655.63,Fuel,Chennai,DEV-CUST-1019-B,no,none
TXN-80445,CUST-1014,2026-07-19 11:41:00,1024.81,Utilities,Ahmedabad,DEV-CUST-1014-A,no,none
TXN-80370,CUST-1012,2026-07-19 11:47:00,987.9,Fuel,Mumbai,DEV-CUST-1012-A,no,none
TXN-81675,CUST-1047,2026-07-19 12:03:00,3915.11,Fuel,Delhi,DEV-CUST-1047-A,no,none
TXN-80758,CUST-1022,2026-07-19 13:09:00,1339.72,Online Marketplace,Delhi,DEV-CUST-1022-A,no,none
TXN-81412,CUST-1040,2026-07-19 13:25:00,2633.81,Electronics,Delhi,DEV-CUST-1040-A,no,none
TXN-81293,CUST-1036,2026-07-19 14:06:00,1520.59,Pharmacy,Mumbai,DEV-CUST-1036-B,no,none
TXN-81560,CUST-1044,2026-07-19 14:24:00,2171.88,Electronics,Pune,DEV-CUST-1044-A,no,none
TXN-81317,CUST-1037,2026-07-19 15:05:00,977.35,Online Marketplace,Bangalore,DEV-CUST-1037-B,no,none
TXN-81090,CUST-1031,2026-07-19 16:35:00,1386.57,Travel,Kolkata,DEV-CUST-1031-A,no,none
TXN-81339,CUST-1037,2026-07-19 18:24:00,1069.88,Online Marketplace,Bangalore,DEV-CUST-1037-A,no,none
TXN-81636,CUST-1046,2026-07-19 19:01:00,3030.65,Fuel,Chennai,DEV-CUST-1046-A,no,none
TXN-81361,CUST-1038,2026-07-19 19:06:00,2833.24,Online Marketplace,Mumbai,DEV-CUST-1038-A,no,none
TXN-81514,CUST-1043,2026-07-19 19:41:00,793.83,Fuel,Hyderabad,DEV-CUST-1043-A,no,none
TXN-81532,CUST-1043,2026-07-19 20:43:00,484.26,Electronics,Hyderabad,DEV-CUST-1043-A,no,none
TXN-81307,CUST-1037,2026-07-19 22:53:00,842.54,Online Marketplace,Bangalore,DEV-CUST-1037-B,no,none
TXN-80374,CUST-1012,2026-07-20 07:18:00,934.54,Fuel,Mumbai,DEV-CUST-1012-A,no,none
TXN-80861,CUST-1025,2026-07-20 07:35:00,4093.96,Utilities,Pune,DEV-CUST-1025-A,no,none
TXN-81009,CUST-1029,2026-07-20 09:50:00,2773.79,Pharmacy,Chennai,DEV-CUST-1029-A,no,none
TXN-80364,CUST-1012,2026-07-20 11:50:00,1042.26,Electronics,Mumbai,DEV-CUST-1012-A,no,none
TXN-81478,CUST-1041,2026-07-20 12:12:00,1786.45,Electronics,Delhi,DEV-CUST-1041-A,no,none
TXN-80336,CUST-1011,2026-07-20 14:16:00,1964.44,Travel,Ahmedabad,DEV-CUST-1011-B,no,none
TXN-80591,CUST-1018,2026-07-20 16:10:00,3745.48,Retail,Mumbai,DEV-CUST-1018-A,no,none
TXN-81442,CUST-1040,2026-07-20 16:28:00,1927.13,Electronics,Delhi,DEV-CUST-1040-A,no,none
TXN-81083,CUST-1031,2026-07-20 18:00:00,1709.56,Travel,Kolkata,DEV-CUST-1031-A,no,none
TXN-80647,CUST-1019,2026-07-20 20:50:00,2185.18,Fuel,Chennai,DEV-CUST-1019-A,no,none
TXN-80130,CUST-1004,2026-07-20 21:23:00,1009.72,Pharmacy,Kolkata,DEV-CUST-1004-A,no,none
TXN-80667,CUST-1020,2026-07-20 21:40:00,2050.19,Electronics,Bangalore,DEV-CUST-1020-A,no,none
TXN-80270,CUST-1009,2026-07-20 21:48:00,1092.19,Utilities,Kolkata,DEV-CUST-1009-A,no,none
TXN-81362,CUST-1038,2026-07-20 21:50:00,2894.81,Entertainment,Mumbai,DEV-CUST-1038-A,no,none
TXN-80216,CUST-1007,2026-07-20 22:02:00,1637.22,Travel,Delhi,DEV-CUST-1007-B,no,none
TXN-81003,CUST-1028,2026-07-20 22:07:00,280.09,Travel,Delhi,DEV-CUST-1028-A,no,none
TXN-80414,CUST-1013,2026-07-20 22:26:00,2567.16,Pharmacy,Pune,DEV-CUST-1013-A,no,none
TXN-80872,CUST-1025,2026-07-20 22:30:00,3482.59,Entertainment,Pune,DEV-CUST-1025-A,no,none
TXN-81140,CUST-1032,2026-07-20 22:48:00,432.16,Utilities,Hyderabad,DEV-CUST-1032-B,no,none
TXN-80613,CUST-1018,2026-07-20 22:51:00,1892.13,Fuel,Mumbai,DEV-CUST-1018-A,no,none
TXN-81001,CUST-1028,2026-07-21 07:32:00,532.21,Travel,Delhi,DEV-CUST-1028-A,no,none
TXN-81428,CUST-1040,2026-07-21 08:15:00,4350.93,Electronics,Delhi,DEV-CUST-1040-A,no,none
TXN-80170,CUST-1006,2026-07-21 08:27:00,1155.89,Fuel,Delhi,DEV-CUST-1006-A,no,none
TXN-80489,CUST-1015,2026-07-21 08:43:00,3010.43,Retail,Chennai,DEV-CUST-1015-A,no,none
TXN-80774,CUST-1023,2026-07-21 09:06:00,534.31,Dining,Delhi,DEV-CUST-1023-A,no,none
TXN-80363,CUST-1012,2026-07-21 09:19:00,987.24,Fuel,Mumbai,DEV-CUST-1012-A,no,none
TXN-80356,CUST-1011,2026-07-21 09:23:00,2314.0,Pharmacy,Ahmedabad,DEV-CUST-1011-B,no,none
TXN-80761,CUST-1022,2026-07-21 10:44:00,1308.26,Grocery,Delhi,DEV-CUST-1022-A,no,none
TXN-80841,CUST-1024,2026-07-21 11:08:00,2987.45,Dining,Bangalore,DEV-CUST-1024-A,no,none
TXN-81082,CUST-1031,2026-07-21 11:45:00,1836.63,Travel,Kolkata,DEV-CUST-1031-A,no,none
TXN-80721,CUST-1021,2026-07-21 11:54:00,974.3,Retail,Hyderabad,DEV-CUST-1021-A,no,none
TXN-81352,CUST-1038,2026-07-21 13:21:00,2970.71,Online Marketplace,Mumbai,DEV-CUST-1038-A,no,none
TXN-80785,CUST-1023,2026-07-21 14:10:00,552.76,Dining,Delhi,DEV-CUST-1023-A,no,none
TXN-80749,CUST-1022,2026-07-21 14:48:00,1111.29,Grocery,Delhi,DEV-CUST-1022-A,no,none
TXN-80688,CUST-1021,2026-07-21 14:57:00,726.81,Entertainment,Hyderabad,DEV-CUST-1021-A,no,none
TXN-81182,CUST-1033,2026-07-21 15:19:00,1140.75,Travel,Bangalore,DEV-CUST-1033-A,no,none
TXN-80318,CUST-1010,2026-07-21 15:52:00,3062.49,Electronics,Pune,DEV-CUST-1010-A,no,none
TXN-80175,CUST-1006,2026-07-21 16:47:00,1056.01,Grocery,Delhi,DEV-CUST-1006-A,no,none
TXN-80236,CUST-1007,2026-07-21 17:41:00,1214.18,Retail,Delhi,DEV-CUST-1007-A,no,none
TXN-80385,CUST-1012,2026-07-21 18:07:00,1036.75,Electronics,Mumbai,DEV-CUST-1012-A,no,none
TXN-81682,CUST-1048,2026-07-21 18:08:00,4363.52,Fuel,Pune,DEV-CUST-1048-A,no,none
TXN-81193,CUST-1034,2026-07-21 19:53:00,679.94,Grocery,Delhi,DEV-CUST-1034-A,no,none
TXN-81126,CUST-1032,2026-07-21 21:33:00,617.8,Utilities,Hyderabad,DEV-CUST-1032-A,no,none
TXN-80496,CUST-1015,2026-07-21 22:01:00,3757.86,Electronics,Chennai,DEV-CUST-1015-A,no,none
TXN-80299,CUST-1010,2026-07-21 22:11:00,5563.66,Travel,Pune,DEV-CUST-1010-A,no,none
TXN-80534,CUST-1016,2026-07-21 22:31:00,659.9,Online Marketplace,Ahmedabad,DEV-CUST-1016-A,no,none
TXN-80018,CUST-1001,2026-07-22 07:19:00,770.72,Dining,Delhi,DEV-CUST-1001-A,no,none
TXN-81541,CUST-1044,2026-07-22 07:25:00,1772.6,Retail,Pune,DEV-CUST-1044-B,no,none
TXN-81572,CUST-1044,2026-07-22 07:39:00,2513.1,Electronics,Pune,DEV-CUST-1044-A,no,none
TXN-81599,CUST-1045,2026-07-22 08:17:00,1416.7,Retail,Chennai,DEV-CUST-1045-A,no,none
TXN-80269,CUST-1009,2026-07-22 08:36:00,936.52,Retail,Kolkata,DEV-CUST-1009-A,no,none
TXN-81002,CUST-1028,2026-07-22 09:34:00,351.54,Utilities,Delhi,DEV-CUST-1028-A,no,none
TXN-81011,CUST-1029,2026-07-22 10:13:00,3955.84,Pharmacy,Chennai,DEV-CUST-1029-A,no,none
TXN-80943,CUST-1027,2026-07-22 10:20:00,2275.03,Travel,Pune,DEV-CUST-1027-B,no,none
TXN-81164,CUST-1033,2026-07-22 14:07:00,2059.08,Travel,Bangalore,DEV-CUST-1033-A,no,none
TXN-81423,CUST-1040,2026-07-22 14:33:00,2959.87,Travel,Delhi,DEV-CUST-1040-A,no,none
TXN-80756,CUST-1022,2026-07-22 15:28:00,1343.8,Travel,Delhi,DEV-CUST-1022-A,no,none
TXN-81702,CUST-1049,2026-07-22 17:04:00,267.15,Online Marketplace,Mumbai,DEV-CUST-1049-A,no,none
TXN-81582,CUST-1044,2026-07-22 18:00:00,2783.96,Electronics,Pune,DEV-CUST-1044-B,no,none
TXN-80625,CUST-1019,2026-07-22 20:02:00,1792.24,Fuel,Chennai,DEV-CUST-1019-B,no,none
TXN-80944,CUST-1027,2026-07-22 20:15:00,2417.17,Grocery,Pune,DEV-CUST-1027-A,no,none
TXN-81694,CUST-1048,2026-07-22 20:54:00,3320.73,Fuel,Pune,DEV-CUST-1048-A,no,none
TXN-81553,CUST-1044,2026-07-22 21:05:00,3382.98,Retail,Pune,DEV-CUST-1044-A,no,none
TXN-80490,CUST-1015,2026-07-22 21:35:00,5044.95,Retail,Chennai,DEV-CUST-1015-A,no,none
TXN-80225,CUST-1007,2026-07-22 21:57:00,2194.29,Online Marketplace,Delhi,DEV-CUST-1007-B,no,none
TXN-80909,CUST-1026,2026-07-23 08:21:00,661.2,Online Marketplace,Pune,DEV-CUST-1026-A,no,none
TXN-81486,CUST-1042,2026-07-23 09:06:00,833.49,Entertainment,Hyderabad,DEV-CUST-1042-A,no,none
TXN-81236,CUST-1035,2026-07-23 10:29:00,1863.23,Pharmacy,Kolkata,DEV-CUST-1035-A,no,none
TXN-80988,CUST-1028,2026-07-23 10:33:00,533.92,Utilities,Delhi,DEV-CUST-1028-A,no,none
TXN-80734,CUST-1022,2026-07-23 10:35:00,1032.28,Travel,Delhi,DEV-CUST-1022-A,no,none
TXN-81200,CUST-1034,2026-07-23 11:01:00,820.75,Travel,Delhi,DEV-CUST-1034-A,no,none
TXN-80771,CUST-1023,2026-07-23 12:11:00,647.21,Utilities,Delhi,DEV-CUST-1023-A,no,none
TXN-80007,CUST-1001,2026-07-23 14:17:00,725.93,Dining,Delhi,DEV-CUST-1001-A,no,none
TXN-81163,CUST-1033,2026-07-23 15:52:00,1738.58,Entertainment,Bangalore,DEV-CUST-1033-A,no,none
TXN-80868,CUST-1025,2026-07-23 16:28:00,2532.37,Utilities,Pune,DEV-CUST-1025-A,no,none
TXN-81601,CUST-1045,2026-07-23 16:44:00,790.75,Grocery,Chennai,DEV-CUST-1045-A,no,none
TXN-80082,CUST-1003,2026-07-23 17:20:00,354.47,Grocery,Delhi,DEV-CUST-1003-A,no,none
TXN-81066,CUST-1030,2026-07-23 17:41:00,1888.12,Retail,Ahmedabad,DEV-CUST-1030-B,no,none
TXN-80717,CUST-1021,2026-07-23 18:06:00,1084.02,Entertainment,Hyderabad,DEV-CUST-1021-A,no,none
TXN-81721,CUST-1049,2026-07-23 18:22:00,674.54,Online Marketplace,Mumbai,DEV-CUST-1049-A,no,none
TXN-80979,CUST-1028,2026-07-23 19:15:00,471.52,Utilities,Delhi,DEV-CUST-1028-A,no,none
TXN-80447,CUST-1014,2026-07-23 21:55:00,997.95,Utilities,Ahmedabad,DEV-CUST-1014-A,no,none
TXN-80499,CUST-1015,2026-07-23 22:03:00,4232.57,Electronics,Chennai,DEV-CUST-1015-A,no,none
TXN-80555,CUST-1017,2026-07-23 22:48:00,1898.41,Online Marketplace,Kolkata,DEV-CUST-1017-A,no,none
TXN-81337,CUST-1037,2026-07-23 22:48:00,827.65,Online Marketplace,Bangalore,DEV-CUST-1037-A,no,none
TXN-80282,CUST-1009,2026-07-23 22:55:00,1358.34,Utilities,Kolkata,DEV-CUST-1009-A,no,none
TXN-81273,CUST-1036,2026-07-24 07:15:00,2059.01,Pharmacy,Mumbai,DEV-CUST-1036-A,no,none
TXN-81027,CUST-1029,2026-07-24 07:35:00,3539.42,Dining,Chennai,DEV-CUST-1029-A,no,none
TXN-80633,CUST-1019,2026-07-24 08:59:00,1350.02,Fuel,Chennai,DEV-CUST-1019-B,no,none
TXN-80554,CUST-1017,2026-07-24 09:12:00,2390.93,Entertainment,Kolkata,DEV-CUST-1017-A,no,none
TXN-81218,CUST-1034,2026-07-24 09:15:00,473.94,Utilities,Delhi,DEV-CUST-1034-A,no,none
TXN-80150,CUST-1005,2026-07-24 10:20:00,1470.46,Online Marketplace,Hyderabad,DEV-CUST-1005-B,no,none
TXN-80601,CUST-1018,2026-07-24 10:32:00,3414.6,Utilities,Mumbai,DEV-CUST-1018-A,no,none
TXN-81556,CUST-1044,2026-07-24 11:20:00,3158.3,Travel,Pune,DEV-CUST-1044-B,no,none
TXN-81064,CUST-1030,2026-07-24 11:30:00,2863.86,Retail,Ahmedabad,DEV-CUST-1030-B,no,none
TXN-80410,CUST-1013,2026-07-24 11:36:00,2905.09,Entertainment,Pune,DEV-CUST-1013-A,no,none
TXN-81041,CUST-1029,2026-07-24 12:48:00,2487.73,Entertainment,Chennai,DEV-CUST-1029-A,no,none
TXN-81709,CUST-1049,2026-07-24 13:42:00,674.89,Grocery,Mumbai,DEV-CUST-1049-A,no,none
TXN-81034,CUST-1029,2026-07-24 13:47:00,4738.04,Travel,Chennai,DEV-CUST-1029-A,no,none
TXN-80637,CUST-1019,2026-07-24 14:17:00,1469.67,Utilities,Chennai,DEV-CUST-1019-B,no,none
TXN-80863,CUST-1025,2026-07-24 14:36:00,4832.85,Utilities,Pune,DEV-CUST-1025-A,no,none
TXN-81613,CUST-1045,2026-07-24 15:57:00,1215.83,Grocery,Chennai,DEV-CUST-1045-A,no,none
TXN-81373,CUST-1038,2026-07-24 17:10:00,4914.02,Online Marketplace,Mumbai,DEV-CUST-1038-A,no,none
TXN-81187,CUST-1034,2026-07-24 17:29:00,514.23,Electronics,Delhi,DEV-CUST-1034-A,no,none
TXN-81589,CUST-1045,2026-07-24 17:57:00,1226.76,Retail,Chennai,DEV-CUST-1045-A,no,none
TXN-81476,CUST-1041,2026-07-24 19:47:00,1796.82,Fuel,Delhi,DEV-CUST-1041-A,no,none
TXN-81281,CUST-1036,2026-07-24 19:56:00,1559.48,Pharmacy,Mumbai,DEV-CUST-1036-B,no,none
TXN-80032,CUST-1001,2026-07-24 19:57:00,746.77,Travel,Delhi,DEV-CUST-1001-A,no,none
TXN-80415,CUST-1013,2026-07-24 21:31:00,2900.85,Travel,Pune,DEV-CUST-1013-A,no,none
TXN-80048,CUST-1002,2026-07-24 22:06:00,4254.92,Entertainment,Delhi,DEV-CUST-1002-A,no,none
TXN-80258,CUST-1008,2026-07-24 22:29:00,665.94,Electronics,Delhi,DEV-CUST-1008-A,no,none
TXN-80615,CUST-1018,2026-07-24 22:51:00,2647.2,Grocery,Mumbai,DEV-CUST-1018-A,no,none
TXN-81594,CUST-1045,2026-07-25 07:27:00,929.27,Retail,Chennai,DEV-CUST-1045-A,no,none
TXN-80642,CUST-1019,2026-07-25 07:33:00,1513.38,Fuel,Chennai,DEV-CUST-1019-A,no,none
TXN-81166,CUST-1033,2026-07-25 08:12:00,1355.35,Travel,Bangalore,DEV-CUST-1033-B,no,none
TXN-81349,CUST-1038,2026-07-25 08:54:00,4363.34,Entertainment,Mumbai,DEV-CUST-1038-A,no,none
TXN-80145,CUST-1005,2026-07-25 10:31:00,1123.97,Electronics,Hyderabad,DEV-CUST-1005-B,no,none
TXN-81571,CUST-1044,2026-07-25 11:30:00,1549.94,Retail,Pune,DEV-CUST-1044-A,no,none
TXN-80681,CUST-1020,2026-07-25 12:00:00,2075.67,Electronics,Bangalore,DEV-CUST-1020-A,no,none
TXN-80963,CUST-1028,2026-07-25 12:29:00,410.23,Travel,Delhi,DEV-CUST-1028-A,no,none
TXN-81484,CUST-1042,2026-07-25 12:53:00,314.67,Entertainment,Hyderabad,DEV-CUST-1042-B,no,none
TXN-81174,CUST-1033,2026-07-25 13:09:00,1573.89,Travel,Bangalore,DEV-CUST-1033-A,no,none
TXN-81156,CUST-1033,2026-07-25 13:22:00,1943.56,Travel,Bangalore,DEV-CUST-1033-B,no,none
TXN-80024,CUST-1001,2026-07-25 14:11:00,649.97,Dining,Delhi,DEV-CUST-1001-A,no,none
TXN-81053,CUST-1030,2026-07-25 15:44:00,2330.74,Pharmacy,Ahmedabad,DEV-CUST-1030-A,no,none
TXN-81710,CUST-1049,2026-07-25 17:48:00,540.45,Online Marketplace,Mumbai,DEV-CUST-1049-A,no,none
TXN-81573,CUST-1044,2026-07-25 18:15:00,3418.92,Retail,Pune,DEV-CUST-1044-A,no,none
TXN-80389,CUST-1012,2026-07-25 19:04:00,611.69,Electronics,Mumbai,DEV-CUST-1012-A,no,none
TXN-81046,CUST-1030,2026-07-25 19:30:00,1784.02,Pharmacy,Ahmedabad,DEV-CUST-1030-B,no,none
TXN-80876,CUST-1025,2026-07-25 19:49:00,2604.11,Retail,Pune,DEV-CUST-1025-A,no,none
TXN-80567,CUST-1017,2026-07-25 19:54:00,2223.19,Entertainment,Kolkata,DEV-CUST-1017-B,no,none
TXN-81276,CUST-1036,2026-07-25 20:58:00,1247.41,Pharmacy,Mumbai,DEV-CUST-1036-B,no,none
TXN-81506,CUST-1042,2026-07-25 22:42:00,758.59,Fuel,Hyderabad,DEV-CUST-1042-B,no,none
TXN-81654,CUST-1047,2026-07-25 22:44:00,4284.96,Travel,Delhi,DEV-CUST-1047-A,no,none
TXN-81242,CUST-1035,2026-07-26 07:00:00,2402.75,Dining,Kolkata,DEV-CUST-1035-A,no,none
TXN-81739,CUST-1050,2026-07-26 07:40:00,3563.31,Entertainment,Bangalore,DEV-CUST-1050-A,no,none
TXN-81279,CUST-1036,2026-07-26 08:25:00,1838.17,Entertainment,Mumbai,DEV-CUST-1036-A,no,none
TXN-81037,CUST-1029,2026-07-26 11:13:00,4366.77,Pharmacy,Chennai,DEV-CUST-1029-A,no,none
TXN-81316,CUST-1037,2026-07-26 12:26:00,761.33,Online Marketplace,Bangalore,DEV-CUST-1037-B,no,none
TXN-80368,CUST-1012,2026-07-26 12:43:00,887.83,Electronics,Mumbai,DEV-CUST-1012-A,no,none
TXN-81333,CUST-1037,2026-07-26 13:39:00,495.21,Utilities,Bangalore,DEV-CUST-1037-B,no,none
TXN-80619,CUST-1018,2026-07-26 14:30:00,2756.2,Grocery,Mumbai,DEV-CUST-1018-A,no,none
TXN-80019,CUST-1001,2026-07-26 17:29:00,389.8,Dining,Delhi,DEV-CUST-1001-A,no,none
TXN-80957,CUST-1027,2026-07-26 19:40:00,2245.13,Travel,Pune,DEV-CUST-1027-B,no,none
TXN-81231,CUST-1035,2026-07-26 20:05:00,2198.32,Dining,Kolkata,DEV-CUST-1035-A,no,none
TXN-81162,CUST-1033,2026-07-26 20:20:00,1877.92,Travel,Bangalore,DEV-CUST-1033-A,no,none
TXN-80149,CUST-1005,2026-07-26 21:56:00,1236.77,Online Marketplace,Hyderabad,DEV-CUST-1005-B,no,none
TXN-81065,CUST-1030,2026-07-27 07:18:00,1835.49,Pharmacy,Ahmedabad,DEV-CUST-1030-B,no,none
TXN-80996,CUST-1028,2026-07-27 09:31:00,645.83,Utilities,Delhi,DEV-CUST-1028-A,no,none
TXN-80894,CUST-1026,2026-07-27 09:38:00,1223.13,Online Marketplace,Pune,DEV-CUST-1026-A,no,none
TXN-81693,CUST-1048,2026-07-27 11:07:00,4496.85,Entertainment,Pune,DEV-CUST-1048-A,no,none
TXN-81437,CUST-1040,2026-07-27 11:30:00,4219.22,Electronics,Delhi,DEV-CUST-1040-A,no,none
TXN-80187,CUST-1006,2026-07-27 12:23:00,1029.35,Online Marketplace,Delhi,DEV-CUST-1006-A,no,none
TXN-81629,CUST-1046,2026-07-27 14:20:00,3363.91,Electronics,Chennai,DEV-CUST-1046-A,no,none
TXN-80998,CUST-1028,2026-07-27 15:06:00,801.7,Utilities,Delhi,DEV-CUST-1028-A,no,none
TXN-80387,CUST-1012,2026-07-27 16:53:00,753.78,Fuel,Mumbai,DEV-CUST-1012-A,no,none
TXN-80068,CUST-1002,2026-07-27 16:55:00,2810.2,Entertainment,Delhi,DEV-CUST-1002-A,no,none
TXN-80064,CUST-1002,2026-07-27 17:11:00,2680.15,Electronics,Delhi,DEV-CUST-1002-A,no,none
TXN-81107,CUST-1031,2026-07-27 17:11:00,1772.89,Grocery,Kolkata,DEV-CUST-1031-A,no,none
TXN-81395,CUST-1039,2026-07-27 18:14:00,454.98,Electronics,Bangalore,DEV-CUST-1039-A,no,none
TXN-81695,CUST-1048,2026-07-27 18:32:00,4710.38,Entertainment,Pune,DEV-CUST-1048-A,no,none
TXN-80446,CUST-1014,2026-07-27 18:46:00,894.46,Utilities,Ahmedabad,DEV-CUST-1014-A,no,none
TXN-81567,CUST-1044,2026-07-27 18:51:00,1996.04,Travel,Pune,DEV-CUST-1044-A,no,none
TXN-80598,CUST-1018,2026-07-27 19:07:00,3264.17,Retail,Mumbai,DEV-CUST-1018-A,no,none
TXN-80026,CUST-1001,2026-07-27 20:53:00,464.99,Dining,Delhi,DEV-CUST-1001-A,no,none
TXN-81138,CUST-1032,2026-07-27 21:02:00,524.83,Utilities,Hyderabad,DEV-CUST-1032-A,no,none
TXN-80133,CUST-1004,2026-07-27 21:15:00,963.32,Pharmacy,Kolkata,DEV-CUST-1004-A,no,none
TXN-80088,CUST-1003,2026-07-27 22:07:00,956.51,Grocery,Delhi,DEV-CUST-1003-A,no,none
TXN-81530,CUST-1043,2026-07-27 22:18:00,548.96,Electronics,Hyderabad,DEV-CUST-1043-A,no,none
TXN-81271,CUST-1036,2026-07-27 22:46:00,1978.93,Pharmacy,Mumbai,DEV-CUST-1036-B,no,none
TXN-80230,CUST-1007,2026-07-28 08:46:00,1533.87,Retail,Delhi,DEV-CUST-1007-B,no,none
TXN-80413,CUST-1013,2026-07-28 08:55:00,2445.12,Travel,Pune,DEV-CUST-1013-A,no,none
TXN-80840,CUST-1024,2026-07-28 09:14:00,3490.67,Electronics,Bangalore,DEV-CUST-1024-A,no,none
TXN-81611,CUST-1045,2026-07-28 10:04:00,1191.92,Grocery,Chennai,DEV-CUST-1045-A,no,none
TXN-80628,CUST-1019,2026-07-28 10:06:00,2288.25,Fuel,Chennai,DEV-CUST-1019-A,no,none
TXN-81509,CUST-1042,2026-07-28 10:30:00,812.84,Fuel,Hyderabad,DEV-CUST-1042-A,no,none
TXN-81614,CUST-1045,2026-07-28 10:58:00,592.3,Retail,Chennai,DEV-CUST-1045-A,no,none
TXN-81716,CUST-1049,2026-07-28 11:40:00,383.21,Online Marketplace,Mumbai,DEV-CUST-1049-A,no,none
TXN-81432,CUST-1040,2026-07-28 12:16:00,4416.43,Electronics,Delhi,DEV-CUST-1040-A,no,none
TXN-80143,CUST-1005,2026-07-28 14:39:00,1705.24,Pharmacy,Hyderabad,DEV-CUST-1005-B,no,none
TXN-81630,CUST-1046,2026-07-28 14:46:00,4647.13,Electronics,Chennai,DEV-CUST-1046-B,no,none
TXN-81334,CUST-1037,2026-07-28 15:15:00,887.74,Utilities,Bangalore,DEV-CUST-1037-B,no,none
TXN-81290,CUST-1036,2026-07-28 16:36:00,1498.59,Entertainment,Mumbai,DEV-CUST-1036-A,no,none
TXN-80394,CUST-1013,2026-07-28 18:25:00,2532.03,Entertainment,Pune,DEV-CUST-1013-A,no,none
TXN-81257,CUST-1035,2026-07-28 20:01:00,2182.97,Dining,Kolkata,DEV-CUST-1035-A,no,none
TXN-80373,CUST-1012,2026-07-28 20:06:00,1107.45,Pharmacy,Mumbai,DEV-CUST-1012-A,no,none
TXN-80403,CUST-1013,2026-07-28 20:24:00,2934.47,Entertainment,Pune,DEV-CUST-1013-A,no,none
TXN-81758,CUST-1050,2026-07-28 20:38:00,1413.19,Utilities,Bangalore,DEV-CUST-1050-A,no,none
TXN-81308,CUST-1037,2026-07-28 21:09:00,598.46,Utilities,Bangalore,DEV-CUST-1037-A,no,none
TXN-80485,CUST-1015,2026-07-28 21:20:00,2597.5,Retail,Chennai,DEV-CUST-1015-A,no,none
TXN-81396,CUST-1039,2026-07-28 21:27:00,515.51,Electronics,Bangalore,DEV-CUST-1039-A,no,none
TXN-80878,CUST-1025,2026-07-28 21:52:00,3074.67,Retail,Pune,DEV-CUST-1025-A,no,none
TXN-80095,CUST-1003,2026-07-28 22:22:00,711.0,Retail,Delhi,DEV-CUST-1003-B,no,none
TXN-80144,CUST-1005,2026-07-29 07:03:00,1341.18,Online Marketplace,Hyderabad,DEV-CUST-1005-B,no,none
TXN-81417,CUST-1040,2026-07-29 08:23:00,2966.34,Travel,Delhi,DEV-CUST-1040-A,no,none
TXN-80084,CUST-1003,2026-07-29 09:20:00,909.44,Travel,Delhi,DEV-CUST-1003-B,no,none
TXN-80480,CUST-1015,2026-07-29 09:37:00,3672.92,Pharmacy,Chennai,DEV-CUST-1015-A,no,none
TXN-80634,CUST-1019,2026-07-29 11:31:00,1300.84,Fuel,Chennai,DEV-CUST-1019-A,no,none
TXN-81660,CUST-1047,2026-07-29 11:53:00,2266.88,Retail,Delhi,DEV-CUST-1047-A,no,none
TXN-80632,CUST-1019,2026-07-29 13:45:00,2015.24,Utilities,Chennai,DEV-CUST-1019-A,no,none
TXN-80109,CUST-1004,2026-07-29 15:42:00,1305.9,Dining,Kolkata,DEV-CUST-1004-A,no,none
TXN-80938,CUST-1027,2026-07-29 16:43:00,1204.4,Travel,Pune,DEV-CUST-1027-B,no,none
TXN-80665,CUST-1020,2026-07-29 17:02:00,2678.0,Travel,Bangalore,DEV-CUST-1020-A,no,none
TXN-81075,CUST-1030,2026-07-29 17:09:00,2536.77,Retail,Ahmedabad,DEV-CUST-1030-B,no,none
TXN-81291,CUST-1036,2026-07-29 17:15:00,2260.89,Entertainment,Mumbai,DEV-CUST-1036-A,no,none
TXN-80124,CUST-1004,2026-07-29 18:43:00,863.55,Pharmacy,Kolkata,DEV-CUST-1004-A,no,none
TXN-80432,CUST-1013,2026-07-29 18:54:00,2516.75,Travel,Pune,DEV-CUST-1013-A,no,none
TXN-81300,CUST-1037,2026-07-29 22:02:00,785.07,Online Marketplace,Bangalore,DEV-CUST-1037-B,no,none
TXN-80854,CUST-1025,2026-07-30 07:04:00,4127.47,Grocery,Pune,DEV-CUST-1025-A,no,none
TXN-81433,CUST-1040,2026-07-30 07:04:00,2655.88,Travel,Delhi,DEV-CUST-1040-A,no,none
TXN-81424,CUST-1040,2026-07-30 08:47:00,4498.92,Electronics,Delhi,DEV-CUST-1040-A,no,none
TXN-80689,CUST-1021,2026-07-30 09:25:00,878.46,Retail,Hyderabad,DEV-CUST-1021-A,no,none
TXN-80968,CUST-1028,2026-07-30 09:33:00,626.6,Utilities,Delhi,DEV-CUST-1028-A,no,none
TXN-80090,CUST-1003,2026-07-30 10:41:00,919.77,Utilities,Delhi,DEV-CUST-1003-B,no,none
TXN-80908,CUST-1026,2026-07-30 10:47:00,1042.83,Online Marketplace,Pune,DEV-CUST-1026-B,no,none
TXN-80491,CUST-1015,2026-07-30 10:51:00,3621.03,Pharmacy,Chennai,DEV-CUST-1015-A,no,none
TXN-80937,CUST-1027,2026-07-30 11:05:00,3040.01,Travel,Pune,DEV-CUST-1027-A,no,none
TXN-81208,CUST-1034,2026-07-30 11:05:00,682.66,Travel,Delhi,DEV-CUST-1034-A,no,none
TXN-81050,CUST-1030,2026-07-30 11:55:00,2460.27,Retail,Ahmedabad,DEV-CUST-1030-A,no,none
TXN-80881,CUST-1025,2026-07-30 12:27:00,2959.52,Entertainment,Pune,DEV-CUST-1025-A,no,none
TXN-81375,CUST-1038,2026-07-30 13:15:00,2014.45,Entertainment,Mumbai,DEV-CUST-1038-A,no,none
TXN-80986,CUST-1028,2026-07-30 14:46:00,867.89,Utilities,Delhi,DEV-CUST-1028-A,no,none
TXN-80809,CUST-1024,2026-07-30 15:55:00,4449.19,Fuel,Bangalore,DEV-CUST-1024-A,no,none
TXN-81467,CUST-1041,2026-07-30 16:10:00,1740.28,Retail,Delhi,DEV-CUST-1041-A,no,none
TXN-80076,CUST-1003,2026-07-30 16:44:00,1066.63,Retail,Delhi,DEV-CUST-1003-B,no,none
TXN-80342,CUST-1011,2026-07-30 18:19:00,1510.07,Retail,Ahmedabad,DEV-CUST-1011-B,no,none
TXN-80050,CUST-1002,2026-07-30 20:52:00,3946.6,Grocery,Delhi,DEV-CUST-1002-A,no,none
TXN-80182,CUST-1006,2026-07-30 21:02:00,1300.79,Fuel,Delhi,DEV-CUST-1006-A,no,none
TXN-80683,CUST-1020,2026-07-30 21:22:00,2611.92,Fuel,Bangalore,DEV-CUST-1020-A,no,none
TXN-81580,CUST-1044,2026-07-30 22:03:00,1831.59,Travel,Pune,DEV-CUST-1044-A,no,none
TXN-80759,CUST-1022,2026-07-31 07:11:00,1057.98,Online Marketplace,Delhi,DEV-CUST-1022-A,no,none
TXN-80126,CUST-1004,2026-07-31 07:39:00,734.19,Pharmacy,Kolkata,DEV-CUST-1004-A,no,none
TXN-80320,CUST-1010,2026-07-31 08:18:00,4126.64,Online Marketplace,Pune,DEV-CUST-1010-A,no,none
TXN-80022,CUST-1001,2026-07-31 09:29:00,520.6,Dining,Delhi,DEV-CUST-1001-A,no,none
TXN-80969,CUST-1028,2026-07-31 09:43:00,420.9,Travel,Delhi,DEV-CUST-1028-A,no,none
TXN-80295,CUST-1010,2026-07-31 10:43:00,3511.6,Dining,Pune,DEV-CUST-1010-B,no,none
TXN-80565,CUST-1017,2026-07-31 11:41:00,3021.03,Online Marketplace,Kolkata,DEV-CUST-1017-B,no,none
TXN-81666,CUST-1047,2026-07-31 11:47:00,2824.46,Retail,Delhi,DEV-CUST-1047-A,no,none
TXN-81404,CUST-1039,2026-07-31 11:55:00,1018.05,Electronics,Bangalore,DEV-CUST-1039-A,no,none
TXN-80671,CUST-1020,2026-07-31 12:34:00,2694.96,Travel,Bangalore,DEV-CUST-1020-A,no,none
TXN-81706,CUST-1049,2026-07-31 13:03:00,546.78,Grocery,Mumbai,DEV-CUST-1049-A,no,none
TXN-80200,CUST-1006,2026-07-31 13:23:00,872.51,Online Marketplace,Delhi,DEV-CUST-1006-A,no,none
TXN-80008,CUST-1001,2026-07-31 14:12:00,796.24,Dining,Delhi,DEV-CUST-1001-A,no,none
TXN-80101,CUST-1003,2026-07-31 15:21:00,738.11,Grocery,Delhi,DEV-CUST-1003-B,no,none
TXN-80540,CUST-1016,2026-07-31 16:05:00,718.81,Online Marketplace,Ahmedabad,DEV-CUST-1016-A,no,none
TXN-81087,CUST-1031,2026-07-31 17:04:00,2349.19,Travel,Kolkata,DEV-CUST-1031-A,no,none
TXN-80742,CUST-1022,2026-07-31 17:22:00,706.2,Travel,Delhi,DEV-CUST-1022-A,no,none
TXN-81498,CUST-1042,2026-07-31 17:38:00,500.61,Entertainment,Hyderabad,DEV-CUST-1042-B,no,none
TXN-81205,CUST-1034,2026-07-31 18:38:00,964.01,Grocery,Delhi,DEV-CUST-1034-A,no,none
TXN-81178,CUST-1033,2026-07-31 18:52:00,744.78,Electronics,Bangalore,DEV-CUST-1033-A,no,none
TXN-81585,CUST-1045,2026-07-31 19:23:00,827.49,Utilities,Chennai,DEV-CUST-1045-A,no,none
TXN-81249,CUST-1035,2026-07-31 20:01:00,2522.29,Pharmacy,Kolkata,DEV-CUST-1035-A,no,none
TXN-80724,CUST-1021,2026-07-31 20:05:00,1105.25,Grocery,Hyderabad,DEV-CUST-1021-A,no,none
TXN-81667,CUST-1047,2026-07-31 20:46:00,2704.07,Retail,Delhi,DEV-CUST-1047-A,no,none
TXN-80027,CUST-1001,2026-07-31 21:16:00,603.21,Dining,Delhi,DEV-CUST-1001-A,no,none
TXN-81470,CUST-1041,2026-07-31 21:27:00,1671.29,Electronics,Delhi,DEV-CUST-1041-A,no,none
TXN-80142,CUST-1005,2026-07-31 21:49:00,1359.6,Online Marketplace,Hyderabad,DEV-CUST-1005-A,no,none
TXN-80694,CUST-1021,2026-07-31 21:56:00,1373.2,Grocery,Hyderabad,DEV-CUST-1021-A,no,none
TXN-80080,CUST-1003,2026-07-31 21:58:00,742.52,Travel,Delhi,DEV-CUST-1003-A,no,none
TXN-80033,CUST-1001,2026-08-01 07:22:00,555.15,Dining,Delhi,DEV-CUST-1001-A,no,none
TXN-81324,CUST-1037,2026-08-01 07:26:00,1095.53,Online Marketplace,Bangalore,DEV-CUST-1037-A,no,none
TXN-81471,CUST-1041,2026-08-01 07:48:00,1151.08,Fuel,Delhi,DEV-CUST-1041-A,no,none
TXN-81602,CUST-1045,2026-08-01 08:32:00,778.7,Retail,Chennai,DEV-CUST-1045-A,no,none
TXN-80570,CUST-1017,2026-08-01 09:21:00,1815.52,Entertainment,Kolkata,DEV-CUST-1017-B,no,none
TXN-81419,CUST-1040,2026-08-01 09:24:00,5184.03,Electronics,Delhi,DEV-CUST-1040-A,no,none
TXN-80112,CUST-1004,2026-08-01 10:15:00,1334.7,Dining,Kolkata,DEV-CUST-1004-A,no,none
TXN-80738,CUST-1022,2026-08-01 10:16:00,1285.25,Travel,Delhi,DEV-CUST-1022-A,no,none
TXN-80065,CUST-1002,2026-08-01 10:52:00,4433.39,Electronics,Delhi,DEV-CUST-1002-A,no,none
TXN-81191,CUST-1034,2026-08-01 11:16:00,693.02,Travel,Delhi,DEV-CUST-1034-A,no,none
TXN-81564,CUST-1044,2026-08-01 11:16:00,2295.21,Electronics,Pune,DEV-CUST-1044-A,no,none
TXN-80702,CUST-1021,2026-08-01 13:37:00,567.06,Retail,Hyderabad,DEV-CUST-1021-A,no,none
TXN-80524,CUST-1016,2026-08-01 14:10:00,505.62,Online Marketplace,Ahmedabad,DEV-CUST-1016-A,no,none
TXN-80783,CUST-1023,2026-08-01 16:00:00,626.7,Utilities,Delhi,DEV-CUST-1023-A,no,none
TXN-80799,CUST-1023,2026-08-01 16:12:00,568.62,Utilities,Delhi,DEV-CUST-1023-A,no,none
TXN-80121,CUST-1004,2026-08-01 16:47:00,1178.9,Dining,Kolkata,DEV-CUST-1004-A,no,none
TXN-80383,CUST-1012,2026-08-01 17:11:00,1477.69,Fuel,Mumbai,DEV-CUST-1012-A,no,none
TXN-81106,CUST-1031,2026-08-01 18:19:00,1844.08,Online Marketplace,Kolkata,DEV-CUST-1031-A,no,none
TXN-80747,CUST-1022,2026-08-01 18:39:00,943.82,Online Marketplace,Delhi,DEV-CUST-1022-A,no,none
TXN-80945,CUST-1027,2026-08-01 19:04:00,1881.51,Travel,Pune,DEV-CUST-1027-B,no,none
TXN-81615,CUST-1045,2026-08-01 20:33:00,1141.98,Fuel,Chennai,DEV-CUST-1045-A,no,none
TXN-80941,CUST-1027,2026-08-02 07:04:00,1925.35,Travel,Pune,DEV-CUST-1027-A,no,none
TXN-81488,CUST-1042,2026-08-02 07:06:00,551.35,Fuel,Hyderabad,DEV-CUST-1042-B,no,none
TXN-80661,CUST-1020,2026-08-02 08:18:00,2828.05,Fuel,Bangalore,DEV-CUST-1020-A,no,none
TXN-81151,CUST-1033,2026-08-02 10:44:00,1615.39,Entertainment,Bangalore,DEV-CUST-1033-B,no,none
TXN-80617,CUST-1018,2026-08-02 10:56:00,3272.19,Retail,Mumbai,DEV-CUST-1018-A,no,none
TXN-80748,CUST-1022,2026-08-02 12:48:00,1787.78,Online Marketplace,Delhi,DEV-CUST-1022-A,no,none
TXN-80053,CUST-1002,2026-08-02 13:22:00,3736.28,Grocery,Delhi,DEV-CUST-1002-A,no,none
TXN-80692,CUST-1021,2026-08-02 14:04:00,370.98,Entertainment,Hyderabad,DEV-CUST-1021-A,no,none
TXN-80034,CUST-1001,2026-08-02 14:17:00,742.24,Dining,Delhi,DEV-CUST-1001-A,no,none
TXN-80055,CUST-1002,2026-08-02 14:44:00,2135.23,Entertainment,Delhi,DEV-CUST-1002-A,no,none
TXN-80412,CUST-1013,2026-08-02 16:08:00,2173.79,Travel,Pune,DEV-CUST-1013-A,no,none
TXN-80760,CUST-1022,2026-08-02 16:16:00,1276.32,Online Marketplace,Delhi,DEV-CUST-1022-A,no,none
TXN-81477,CUST-1041,2026-08-02 16:41:00,1972.47,Utilities,Delhi,DEV-CUST-1041-A,no,none
TXN-80431,CUST-1013,2026-08-02 17:37:00,3578.0,Pharmacy,Pune,DEV-CUST-1013-A,no,none
TXN-80593,CUST-1018,2026-08-02 18:48:00,4303.01,Grocery,Mumbai,DEV-CUST-1018-A,no,none
TXN-81525,CUST-1043,2026-08-02 19:19:00,819.05,Electronics,Hyderabad,DEV-CUST-1043-A,no,none
TXN-81436,CUST-1040,2026-08-02 21:04:00,4788.53,Electronics,Delhi,DEV-CUST-1040-A,no,none
TXN-81250,CUST-1035,2026-08-02 22:01:00,2448.65,Dining,Kolkata,DEV-CUST-1035-A,no,none
TXN-80348,CUST-1011,2026-08-02 22:29:00,1462.54,Travel,Ahmedabad,DEV-CUST-1011-B,no,none
TXN-80950,CUST-1027,2026-08-03 08:05:00,2627.02,Grocery,Pune,DEV-CUST-1027-A,no,none
TXN-81172,CUST-1033,2026-08-03 09:15:00,758.86,Entertainment,Bangalore,DEV-CUST-1033-A,no,none
TXN-81508,CUST-1042,2026-08-03 09:19:00,1113.47,Entertainment,Hyderabad,DEV-CUST-1042-A,no,none
TXN-81026,CUST-1029,2026-08-03 09:40:00,4040.74,Travel,Chennai,DEV-CUST-1029-A,no,none
TXN-81153,CUST-1033,2026-08-03 09:53:00,1984.13,Electronics,Bangalore,DEV-CUST-1033-A,no,none
TXN-81690,CUST-1048,2026-08-03 10:29:00,3043.0,Entertainment,Pune,DEV-CUST-1048-A,no,none
TXN-81726,CUST-1049,2026-08-03 10:40:00,432.33,Online Marketplace,Mumbai,DEV-CUST-1049-A,no,none
TXN-80108,CUST-1004,2026-08-03 11:14:00,759.71,Dining,Kolkata,DEV-CUST-1004-A,no,none
TXN-80519,CUST-1016,2026-08-03 11:21:00,596.76,Online Marketplace,Ahmedabad,DEV-CUST-1016-A,no,none
TXN-81063,CUST-1030,2026-08-03 11:55:00,2114.48,Pharmacy,Ahmedabad,DEV-CUST-1030-B,no,none
TXN-80621,CUST-1018,2026-08-03 12:04:00,3506.91,Retail,Mumbai,DEV-CUST-1018-A,no,none
TXN-80467,CUST-1014,2026-08-03 12:23:00,1113.22,Utilities,Ahmedabad,DEV-CUST-1014-A,no,none
TXN-80602,CUST-1018,2026-08-03 13:38:00,3070.45,Fuel,Mumbai,DEV-CUST-1018-A,no,none
TXN-81047,CUST-1030,2026-08-03 14:05:00,1733.6,Retail,Ahmedabad,DEV-CUST-1030-A,no,none
TXN-81132,CUST-1032,2026-08-03 14:40:00,528.73,Utilities,Hyderabad,DEV-CUST-1032-A,no,none
TXN-80508,CUST-1015,2026-08-03 16:11:00,1477.02,Electronics,Chennai,DEV-CUST-1015-A,no,none
TXN-81458,CUST-1041,2026-08-03 16:12:00,1982.88,Retail,Delhi,DEV-CUST-1041-A,no,none
TXN-80256,CUST-1008,2026-08-03 16:41:00,789.56,Travel,Delhi,DEV-CUST-1008-A,no,none
TXN-81523,CUST-1043,2026-08-03 16:45:00,651.07,Utilities,Hyderabad,DEV-CUST-1043-A,no,none
TXN-81715,CUST-1049,2026-08-03 17:07:00,658.6,Online Marketplace,Mumbai,DEV-CUST-1049-A,no,none
TXN-81397,CUST-1039,2026-08-03 17:17:00,530.25,Dining,Bangalore,DEV-CUST-1039-A,no,none
TXN-81198,CUST-1034,2026-08-03 19:08:00,699.79,Utilities,Delhi,DEV-CUST-1034-A,no,none
TXN-81576,CUST-1044,2026-08-03 19:10:00,1864.87,Travel,Pune,DEV-CUST-1044-A,no,none
TXN-81430,CUST-1040,2026-08-03 20:48:00,2820.21,Grocery,Delhi,DEV-CUST-1040-A,no,none
TXN-80466,CUST-1014,2026-08-03 21:32:00,1017.76,Online Marketplace,Ahmedabad,DEV-CUST-1014-A,no,none
TXN-80267,CUST-1008,2026-08-03 22:18:00,316.95,Travel,Delhi,DEV-CUST-1008-A,no,none
TXN-81313,CUST-1037,2026-08-04 07:07:00,748.9,Online Marketplace,Bangalore,DEV-CUST-1037-B,no,none
TXN-80686,CUST-1021,2026-08-04 07:52:00,841.22,Online Marketplace,Hyderabad,DEV-CUST-1021-A,no,none
TXN-80273,CUST-1009,2026-08-04 08:02:00,1660.3,Retail,Kolkata,DEV-CUST-1009-A,no,none
TXN-80249,CUST-1008,2026-08-04 08:53:00,661.45,Electronics,Delhi,DEV-CUST-1008-A,no,none
TXN-81399,CUST-1039,2026-08-04 09:50:00,582.18,Dining,Bangalore,DEV-CUST-1039-A,no,none
TXN-81491,CUST-1042,2026-08-04 10:28:00,758.06,Fuel,Hyderabad,DEV-CUST-1042-A,no,none
TXN-80699,CUST-1021,2026-08-04 11:28:00,945.58,Entertainment,Hyderabad,DEV-CUST-1021-A,no,none
TXN-81621,CUST-1045,2026-08-04 15:19:00,1013.25,Grocery,Chennai,DEV-CUST-1045-A,no,none
TXN-81136,CUST-1032,2026-08-04 15:34:00,626.5,Entertainment,Hyderabad,DEV-CUST-1032-A,no,none
TXN-80860,CUST-1025,2026-08-04 15:51:00,2748.88,Retail,Pune,DEV-CUST-1025-A,no,none
TXN-81157,CUST-1033,2026-08-04 16:27:00,1598.13,Electronics,Bangalore,DEV-CUST-1033-B,no,none
TXN-80456,CUST-1014,2026-08-04 16:40:00,963.96,Online Marketplace,Ahmedabad,DEV-CUST-1014-B,no,none
TXN-80099,CUST-1003,2026-08-04 17:55:00,1250.93,Grocery,Delhi,DEV-CUST-1003-B,no,none
TXN-80365,CUST-1012,2026-08-04 18:03:00,1033.69,Pharmacy,Mumbai,DEV-CUST-1012-A,no,none
TXN-80354,CUST-1011,2026-08-04 20:51:00,1875.55,Travel,Ahmedabad,DEV-CUST-1011-A,no,none
TXN-81118,CUST-1032,2026-08-04 22:23:00,586.03,Utilities,Hyderabad,DEV-CUST-1032-B,no,none
TXN-80077,CUST-1003,2026-08-04 22:28:00,956.15,Retail,Delhi,DEV-CUST-1003-B,no,none
TXN-80468,CUST-1014,2026-08-05 07:02:00,1223.76,Utilities,Ahmedabad,DEV-CUST-1014-A,no,none
TXN-80165,CUST-1005,2026-08-05 10:22:00,978.52,Pharmacy,Hyderabad,DEV-CUST-1005-B,no,none
TXN-80176,CUST-1006,2026-08-05 10:33:00,1428.43,Grocery,Delhi,DEV-CUST-1006-A,no,none
TXN-80690,CUST-1021,2026-08-05 11:28:00,924.78,Retail,Hyderabad,DEV-CUST-1021-A,no,none
TXN-80626,CUST-1019,2026-08-05 13:41:00,1797.09,Utilities,Chennai,DEV-CUST-1019-B,no,none
TXN-81120,CUST-1032,2026-08-05 14:26:00,235.42,Utilities,Hyderabad,DEV-CUST-1032-B,no,none
TXN-81131,CUST-1032,2026-08-05 15:09:00,608.09,Entertainment,Hyderabad,DEV-CUST-1032-B,no,none
TXN-81761,CUST-1050,2026-08-05 15:37:00,2495.34,Utilities,Bangalore,DEV-CUST-1050-A,no,none
TXN-80430,CUST-1013,2026-08-05 15:44:00,2763.13,Entertainment,Pune,DEV-CUST-1013-A,no,none
TXN-80305,CUST-1010,2026-08-05 17:05:00,3181.83,Dining,Pune,DEV-CUST-1010-B,no,none
TXN-80569,CUST-1017,2026-08-05 18:35:00,1985.01,Entertainment,Kolkata,DEV-CUST-1017-A,no,none
TXN-81323,CUST-1037,2026-08-05 19:07:00,876.19,Utilities,Bangalore,DEV-CUST-1037-A,no,none
TXN-81081,CUST-1031,2026-08-05 19:12:00,1189.28,Grocery,Kolkata,DEV-CUST-1031-A,no,none
TXN-80316,CUST-1010,2026-08-05 21:51:00,2241.08,Electronics,Pune,DEV-CUST-1010-B,no,none
TXN-80343,CUST-1011,2026-08-05 22:29:00,2833.65,Pharmacy,Ahmedabad,DEV-CUST-1011-B,no,none
TXN-80716,CUST-1021,2026-08-06 07:24:00,1227.97,Retail,Hyderabad,DEV-CUST-1021-A,no,none
TXN-80740,CUST-1022,2026-08-06 07:44:00,686.76,Grocery,Delhi,DEV-CUST-1022-A,no,none
TXN-80731,CUST-1022,2026-08-06 07:47:00,1006.68,Online Marketplace,Delhi,DEV-CUST-1022-A,no,none
TXN-80655,CUST-1020,2026-08-06 09:50:00,1852.18,Electronics,Bangalore,DEV-CUST-1020-A,no,none
TXN-80400,CUST-1013,2026-08-06 12:35:00,3211.35,Travel,Pune,DEV-CUST-1013-A,no,none
TXN-80054,CUST-1002,2026-08-06 13:05:00,2737.62,Pharmacy,Delhi,DEV-CUST-1002-A,no,none
TXN-80603,CUST-1018,2026-08-06 13:22:00,3288.84,Utilities,Mumbai,DEV-CUST-1018-A,no,none
TXN-81161,CUST-1033,2026-08-06 13:23:00,1475.54,Entertainment,Bangalore,DEV-CUST-1033-B,no,none
TXN-80797,CUST-1023,2026-08-06 13:30:00,306.7,Dining,Delhi,DEV-CUST-1023-A,no,none
TXN-81751,CUST-1050,2026-08-06 15:59:00,4362.47,Entertainment,Bangalore,DEV-CUST-1050-A,no,none
TXN-81286,CUST-1036,2026-08-06 16:13:00,1893.49,Fuel,Mumbai,DEV-CUST-1036-B,no,none
TXN-80592,CUST-1018,2026-08-06 17:27:00,3606.75,Fuel,Mumbai,DEV-CUST-1018-A,no,none
TXN-81211,CUST-1034,2026-08-06 17:27:00,702.03,Utilities,Delhi,DEV-CUST-1034-A,no,none
TXN-81287,CUST-1036,2026-08-06 17:48:00,1735.53,Entertainment,Mumbai,DEV-CUST-1036-B,no,none
TXN-81277,CUST-1036,2026-08-06 18:01:00,1078.0,Entertainment,Mumbai,DEV-CUST-1036-A,no,none
TXN-80879,CUST-1025,2026-08-06 19:47:00,4340.03,Retail,Pune,DEV-CUST-1025-A,no,none
TXN-80712,CUST-1021,2026-08-06 20:23:00,913.24,Grocery,Hyderabad,DEV-CUST-1021-A,no,none
TXN-81390,CUST-1039,2026-08-06 21:11:00,431.54,Electronics,Bangalore,DEV-CUST-1039-A,no,none
TXN-81025,CUST-1029,2026-08-06 21:26:00,3536.57,Dining,Chennai,DEV-CUST-1029-A,no,none
TXN-80984,CUST-1028,2026-08-07 08:06:00,860.08,Travel,Delhi,DEV-CUST-1028-A,no,none
TXN-80810,CUST-1024,2026-08-07 11:28:00,1807.58,Pharmacy,Bangalore,DEV-CUST-1024-A,no,none
TXN-81657,CUST-1047,2026-08-07 14:44:00,4207.64,Fuel,Delhi,DEV-CUST-1047-A,no,none
TXN-80120,CUST-1004,2026-08-07 15:53:00,976.27,Grocery,Kolkata,DEV-CUST-1004-A,no,none
TXN-80166,CUST-1005,2026-08-07 16:02:00,1304.37,Electronics,Hyderabad,DEV-CUST-1005-B,no,none
TXN-80779,CUST-1023,2026-08-07 16:58:00,492.88,Utilities,Delhi,DEV-CUST-1023-A,no,none
TXN-80333,CUST-1011,2026-08-07 17:44:00,1578.72,Pharmacy,Ahmedabad,DEV-CUST-1011-A,no,none
TXN-80215,CUST-1007,2026-08-07 18:04:00,2340.01,Travel,Delhi,DEV-CUST-1007-A,no,none
TXN-80512,CUST-1016,2026-08-07 18:04:00,787.54,Online Marketplace,Ahmedabad,DEV-CUST-1016-A,no,none
TXN-80983,CUST-1028,2026-08-07 20:00:00,535.32,Travel,Delhi,DEV-CUST-1028-A,no,none
TXN-81489,CUST-1042,2026-08-07 20:41:00,843.0,Fuel,Hyderabad,DEV-CUST-1042-B,no,none
TXN-80246,CUST-1008,2026-08-07 20:49:00,1152.23,Travel,Delhi,DEV-CUST-1008-A,no,none
TXN-81391,CUST-1039,2026-08-07 22:45:00,763.44,Electronics,Bangalore,DEV-CUST-1039-A,no,none
TXN-80668,CUST-1020,2026-08-08 07:41:00,2807.98,Fuel,Bangalore,DEV-CUST-1020-A,no,none
TXN-80505,CUST-1015,2026-08-08 08:48:00,4115.72,Electronics,Chennai,DEV-CUST-1015-A,no,none
TXN-80711,CUST-1021,2026-08-08 10:05:00,781.83,Grocery,Hyderabad,DEV-CUST-1021-A,no,none
TXN-81452,CUST-1041,2026-08-08 12:16:00,2173.82,Utilities,Delhi,DEV-CUST-1041-A,no,none
TXN-81554,CUST-1044,2026-08-08 13:04:00,2180.48,Retail,Pune,DEV-CUST-1044-B,no,none
TXN-81656,CUST-1047,2026-08-08 14:24:00,4001.8,Fuel,Delhi,DEV-CUST-1047-A,no,none
TXN-80424,CUST-1013,2026-08-08 15:38:00,2909.89,Pharmacy,Pune,DEV-CUST-1013-A,no,none
TXN-81060,CUST-1030,2026-08-08 16:28:00,2153.98,Retail,Ahmedabad,DEV-CUST-1030-A,no,none
TXN-80459,CUST-1014,2026-08-08 17:25:00,573.03,Utilities,Ahmedabad,DEV-CUST-1014-B,no,none
TXN-81315,CUST-1037,2026-08-08 17:25:00,678.1,Online Marketplace,Bangalore,DEV-CUST-1037-B,no,none
TXN-80915,CUST-1026,2026-08-08 17:29:00,949.3,Online Marketplace,Pune,DEV-CUST-1026-B,no,none
TXN-80930,CUST-1027,2026-08-08 17:49:00,2155.24,Travel,Pune,DEV-CUST-1027-A,no,none
TXN-81176,CUST-1033,2026-08-08 18:44:00,2288.39,Travel,Bangalore,DEV-CUST-1033-B,no,none
TXN-81439,CUST-1040,2026-08-08 19:10:00,4812.95,Grocery,Delhi,DEV-CUST-1040-A,no,none
TXN-80390,CUST-1012,2026-08-08 20:34:00,995.55,Pharmacy,Mumbai,DEV-CUST-1012-A,no,none
TXN-80718,CUST-1021,2026-08-08 20:36:00,1169.97,Entertainment,Hyderabad,DEV-CUST-1021-A,no,none
TXN-80826,CUST-1024,2026-08-08 21:59:00,4303.22,Pharmacy,Bangalore,DEV-CUST-1024-A,no,none
TXN-80334,CUST-1011,2026-08-08 22:15:00,1928.39,Travel,Ahmedabad,DEV-CUST-1011-B,no,none
TXN-80750,CUST-1022,2026-08-09 08:32:00,1153.62,Grocery,Delhi,DEV-CUST-1022-A,no,none
TXN-80419,CUST-1013,2026-08-09 08:48:00,2347.81,Entertainment,Pune,DEV-CUST-1013-A,no,none
TXN-80864,CUST-1025,2026-08-09 11:13:00,5402.78,Entertainment,Pune,DEV-CUST-1025-A,no,none
TXN-80454,CUST-1014,2026-08-09 12:48:00,1180.62,Online Marketplace,Ahmedabad,DEV-CUST-1014-A,no,none
TXN-80958,CUST-1027,2026-08-09 13:42:00,3058.6,Grocery,Pune,DEV-CUST-1027-B,no,none
TXN-81028,CUST-1029,2026-08-09 14:29:00,3935.73,Entertainment,Chennai,DEV-CUST-1029-A,no,none
TXN-81641,CUST-1046,2026-08-09 15:40:00,3325.59,Fuel,Chennai,DEV-CUST-1046-A,no,none
TXN-80139,CUST-1004,2026-08-09 15:51:00,1051.19,Grocery,Kolkata,DEV-CUST-1004-A,no,none
TXN-80660,CUST-1020,2026-08-09 16:01:00,1741.37,Travel,Bangalore,DEV-CUST-1020-A,no,none
TXN-81642,CUST-1046,2026-08-09 16:06:00,3450.97,Electronics,Chennai,DEV-CUST-1046-A,no,none
TXN-81101,CUST-1031,2026-08-09 17:55:00,1448.85,Online Marketplace,Kolkata,DEV-CUST-1031-A,no,none
TXN-80966,CUST-1028,2026-08-09 18:02:00,364.98,Utilities,Delhi,DEV-CUST-1028-A,no,none
TXN-80134,CUST-1004,2026-08-09 18:03:00,818.85,Dining,Kolkata,DEV-CUST-1004-A,no,none
TXN-80811,CUST-1024,2026-08-09 18:29:00,4747.4,Electronics,Bangalore,DEV-CUST-1024-A,no,none
TXN-80932,CUST-1027,2026-08-09 18:35:00,2608.39,Travel,Pune,DEV-CUST-1027-B,no,none
TXN-80285,CUST-1009,2026-08-09 18:43:00,1266.01,Utilities,Kolkata,DEV-CUST-1009-A,no,none
TXN-81177,CUST-1033,2026-08-09 20:30:00,1325.45,Travel,Bangalore,DEV-CUST-1033-B,no,none
TXN-80539,CUST-1016,2026-08-10 08:53:00,461.59,Online Marketplace,Ahmedabad,DEV-CUST-1016-A,no,none
TXN-80071,CUST-1002,2026-08-10 09:10:00,4457.38,Entertainment,Delhi,DEV-CUST-1002-A,no,none
TXN-80203,CUST-1006,2026-08-10 10:45:00,1531.85,Entertainment,Delhi,DEV-CUST-1006-A,no,none
TXN-80017,CUST-1001,2026-08-10 11:12:00,287.38,Travel,Delhi,DEV-CUST-1001-A,no,none
TXN-80092,CUST-1003,2026-08-10 11:24:00,356.88,Utilities,Delhi,DEV-CUST-1003-A,no,none
TXN-80434,CUST-1013,2026-08-10 11:36:00,2980.14,Entertainment,Pune,DEV-CUST-1013-A,no,none
TXN-81472,CUST-1041,2026-08-10 12:16:00,2398.58,Electronics,Delhi,DEV-CUST-1041-A,no,none
TXN-81723,CUST-1049,2026-08-10 12:34:00,486.96,Retail,Mumbai,DEV-CUST-1049-A,no,none
TXN-80639,CUST-1019,2026-08-10 13:12:00,1978.41,Utilities,Chennai,DEV-CUST-1019-A,no,none
TXN-80829,CUST-1024,2026-08-10 15:23:00,4425.61,Electronics,Bangalore,DEV-CUST-1024-A,no,none
TXN-80895,CUST-1026,2026-08-10 15:39:00,612.11,Online Marketplace,Pune,DEV-CUST-1026-A,no,none
TXN-81670,CUST-1047,2026-08-10 15:58:00,4243.38,Retail,Delhi,DEV-CUST-1047-A,no,none
TXN-81755,CUST-1050,2026-08-10 16:29:00,3469.09,Utilities,Bangalore,DEV-CUST-1050-A,no,none
TXN-80545,CUST-1017,2026-08-10 17:54:00,2386.61,Online Marketplace,Kolkata,DEV-CUST-1017-B,no,none
TXN-80827,CUST-1024,2026-08-10 17:54:00,2470.19,Electronics,Bangalore,DEV-CUST-1024-A,no,none
TXN-80784,CUST-1023,2026-08-10 18:12:00,333.06,Dining,Delhi,DEV-CUST-1023-A,no,none
TXN-81526,CUST-1043,2026-08-10 19:21:00,578.45,Fuel,Hyderabad,DEV-CUST-1043-B,no,none
TXN-81124,CUST-1032,2026-08-10 20:18:00,665.44,Entertainment,Hyderabad,DEV-CUST-1032-A,no,none
TXN-80635,CUST-1019,2026-08-10 20:53:00,920.22,Fuel,Chennai,DEV-CUST-1019-A,no,none
TXN-80001,CUST-1001,2026-08-11 07:07:00,876.7,Travel,Delhi,DEV-CUST-1001-A,no,none
TXN-80620,CUST-1018,2026-08-11 08:00:00,4583.46,Fuel,Mumbai,DEV-CUST-1018-A,no,none
TXN-81122,CUST-1032,2026-08-11 08:05:00,578.3,Entertainment,Hyderabad,DEV-CUST-1032-B,no,none
TXN-80025,CUST-1001,2026-08-11 14:58:00,695.95,Dining,Delhi,DEV-CUST-1001-A,no,none
TXN-80289,CUST-1009,2026-08-11 15:18:00,1524.95,Retail,Kolkata,DEV-CUST-1009-A,no,none
TXN-81545,CUST-1044,2026-08-11 15:54:00,2505.07,Electronics,Pune,DEV-CUST-1044-B,no,none
TXN-80287,CUST-1009,2026-08-11 16:14:00,1994.98,Retail,Kolkata,DEV-CUST-1009-A,no,none
TXN-81139,CUST-1032,2026-08-11 16:56:00,552.45,Utilities,Hyderabad,DEV-CUST-1032-B,no,none
TXN-80123,CUST-1004,2026-08-11 18:05:00,909.52,Pharmacy,Kolkata,DEV-CUST-1004-A,no,none
TXN-80157,CUST-1005,2026-08-11 18:07:00,1231.01,Online Marketplace,Hyderabad,DEV-CUST-1005-A,no,none
TXN-80515,CUST-1016,2026-08-11 18:14:00,460.64,Online Marketplace,Ahmedabad,DEV-CUST-1016-A,no,none
TXN-80732,CUST-1022,2026-08-11 18:22:00,555.47,Grocery,Delhi,DEV-CUST-1022-A,no,none
TXN-81734,CUST-1050,2026-08-11 19:12:00,4500.61,Utilities,Bangalore,DEV-CUST-1050-A,no,none
TXN-81619,CUST-1045,2026-08-11 19:25:00,780.26,Fuel,Chennai,DEV-CUST-1045-A,no,none
TXN-81297,CUST-1037,2026-08-11 19:55:00,877.27,Utilities,Bangalore,DEV-CUST-1037-B,no,none
TXN-80401,CUST-1013,2026-08-11 20:29:00,2572.46,Travel,Pune,DEV-CUST-1013-A,no,none
TXN-80067,CUST-1002,2026-08-11 20:38:00,2500.29,Entertainment,Delhi,DEV-CUST-1002-A,no,none
TXN-80005,CUST-1001,2026-08-11 20:39:00,598.88,Travel,Delhi,DEV-CUST-1001-A,no,none
TXN-80820,CUST-1024,2026-08-11 20:52:00,3271.9,Pharmacy,Bangalore,DEV-CUST-1024-A,no,none
TXN-81212,CUST-1034,2026-08-11 21:03:00,518.44,Electronics,Delhi,DEV-CUST-1034-A,no,none
TXN-80332,CUST-1011,2026-08-11 22:03:00,1589.88,Retail,Ahmedabad,DEV-CUST-1011-B,no,none
TXN-81215,CUST-1034,2026-08-11 22:29:00,310.21,Electronics,Delhi,DEV-CUST-1034-A,no,none
TXN-80234,CUST-1007,2026-08-12 08:38:00,2445.27,Online Marketplace,Delhi,DEV-CUST-1007-B,no,none
TXN-80069,CUST-1002,2026-08-12 08:39:00,3887.54,Pharmacy,Delhi,DEV-CUST-1002-A,no,none
TXN-80254,CUST-1008,2026-08-12 08:52:00,398.77,Electronics,Delhi,DEV-CUST-1008-A,no,none
TXN-80360,CUST-1011,2026-08-12 10:57:00,2266.4,Utilities,Ahmedabad,DEV-CUST-1011-A,no,none
TXN-80889,CUST-1026,2026-08-12 11:10:00,995.93,Online Marketplace,Pune,DEV-CUST-1026-B,no,none
TXN-81223,CUST-1035,2026-08-12 11:13:00,2328.61,Dining,Kolkata,DEV-CUST-1035-A,no,none
TXN-80691,CUST-1021,2026-08-12 11:47:00,839.93,Grocery,Hyderabad,DEV-CUST-1021-A,no,none
TXN-80808,CUST-1024,2026-08-12 12:34:00,3779.81,Pharmacy,Bangalore,DEV-CUST-1024-A,no,none
TXN-80304,CUST-1010,2026-08-12 13:11:00,4061.11,Online Marketplace,Pune,DEV-CUST-1010-B,no,none
TXN-80347,CUST-1011,2026-08-12 14:31:00,775.48,Retail,Ahmedabad,DEV-CUST-1011-B,no,none
TXN-80357,CUST-1011,2026-08-12 14:44:00,1903.22,Utilities,Ahmedabad,DEV-CUST-1011-A,no,none
TXN-80345,CUST-1011,2026-08-12 14:47:00,2012.8,Pharmacy,Ahmedabad,DEV-CUST-1011-B,no,none
TXN-80276,CUST-1009,2026-08-12 16:30:00,947.58,Dining,Kolkata,DEV-CUST-1009-A,no,none
TXN-80946,CUST-1027,2026-08-12 17:34:00,3464.98,Grocery,Pune,DEV-CUST-1027-A,no,none
TXN-80916,CUST-1026,2026-08-12 17:35:00,672.68,Online Marketplace,Pune,DEV-CUST-1026-A,no,none
TXN-81699,CUST-1048,2026-08-12 19:54:00,4277.83,Entertainment,Pune,DEV-CUST-1048-A,no,none
TXN-81326,CUST-1037,2026-08-12 20:28:00,574.37,Online Marketplace,Bangalore,DEV-CUST-1037-A,no,none
TXN-80179,CUST-1006,2026-08-12 21:43:00,1543.71,Entertainment,Delhi,DEV-CUST-1006-A,no,none
TXN-81632,CUST-1046,2026-08-12 22:46:00,3524.62,Fuel,Chennai,DEV-CUST-1046-B,no,none
TXN-81517,CUST-1043,2026-08-13 07:19:00,771.92,Fuel,Hyderabad,DEV-CUST-1043-B,no,none
TXN-81045,CUST-1030,2026-08-13 07:26:00,1927.68,Retail,Ahmedabad,DEV-CUST-1030-A,no,none
TXN-81280,CUST-1036,2026-08-13 08:40:00,1139.95,Entertainment,Mumbai,DEV-CUST-1036-B,no,none
TXN-80904,CUST-1026,2026-08-13 09:30:00,1049.22,Utilities,Pune,DEV-CUST-1026-B,no,none
TXN-80418,CUST-1013,2026-08-13 10:17:00,1436.07,Pharmacy,Pune,DEV-CUST-1013-A,no,none
TXN-80404,CUST-1013,2026-08-13 10:51:00,2512.15,Pharmacy,Pune,DEV-CUST-1013-A,no,none
TXN-80704,CUST-1021,2026-08-13 11:03:00,1116.97,Retail,Hyderabad,DEV-CUST-1021-A,no,none
TXN-80541,CUST-1017,2026-08-13 11:07:00,3148.03,Online Marketplace,Kolkata,DEV-CUST-1017-A,no,none
TXN-80765,CUST-1022,2026-08-13 12:49:00,1142.61,Online Marketplace,Delhi,DEV-CUST-1022-A,no,none
TXN-81620,CUST-1045,2026-08-13 13:37:00,804.42,Fuel,Chennai,DEV-CUST-1045-A,no,none
TXN-80563,CUST-1017,2026-08-13 13:54:00,2579.92,Online Marketplace,Kolkata,DEV-CUST-1017-B,no,none
TXN-81042,CUST-1029,2026-08-13 14:05:00,5018.56,Pharmacy,Chennai,DEV-CUST-1029-A,no,none
TXN-80384,CUST-1012,2026-08-13 14:20:00,769.25,Fuel,Mumbai,DEV-CUST-1012-A,no,none
TXN-80757,CUST-1022,2026-08-13 14:52:00,1392.65,Travel,Delhi,DEV-CUST-1022-A,no,none
TXN-80666,CUST-1020,2026-08-13 14:58:00,2609.11,Travel,Bangalore,DEV-CUST-1020-A,no,none
TXN-81311,CUST-1037,2026-08-13 16:35:00,702.08,Online Marketplace,Bangalore,DEV-CUST-1037-A,no,none
TXN-81306,CUST-1037,2026-08-13 16:36:00,1270.25,Utilities,Bangalore,DEV-CUST-1037-B,no,none
TXN-80929,CUST-1026,2026-08-13 16:40:00,1054.19,Online Marketplace,Pune,DEV-CUST-1026-B,no,none
TXN-80113,CUST-1004,2026-08-13 16:44:00,725.76,Pharmacy,Kolkata,DEV-CUST-1004-A,no,none
TXN-80971,CUST-1028,2026-08-13 17:26:00,350.66,Travel,Delhi,DEV-CUST-1028-A,no,none
TXN-81255,CUST-1035,2026-08-13 17:35:00,2676.42,Dining,Kolkata,DEV-CUST-1035-A,no,none
TXN-80917,CUST-1026,2026-08-13 17:51:00,1246.71,Online Marketplace,Pune,DEV-CUST-1026-A,no,none
TXN-80980,CUST-1028,2026-08-13 18:03:00,395.67,Travel,Delhi,DEV-CUST-1028-A,no,none
TXN-80654,CUST-1019,2026-08-13 18:04:00,1537.01,Utilities,Chennai,DEV-CUST-1019-A,no,none
TXN-80919,CUST-1026,2026-08-13 19:11:00,528.17,Utilities,Pune,DEV-CUST-1026-B,no,none
TXN-81150,CUST-1033,2026-08-13 19:20:00,1818.06,Entertainment,Bangalore,DEV-CUST-1033-A,no,none
TXN-80045,CUST-1002,2026-08-13 19:25:00,4042.9,Pharmacy,Delhi,DEV-CUST-1002-A,no,none
TXN-80817,CUST-1024,2026-08-13 19:42:00,2278.65,Pharmacy,Bangalore,DEV-CUST-1024-A,no,none
TXN-81735,CUST-1050,2026-08-13 20:08:00,4308.22,Entertainment,Bangalore,DEV-CUST-1050-A,no,none
TXN-80531,CUST-1016,2026-08-13 22:09:00,612.35,Dining,Ahmedabad,DEV-CUST-1016-A,no,none
TXN-80965,CUST-1028,2026-08-13 22:54:00,571.68,Travel,Delhi,DEV-CUST-1028-A,no,none
TXN-81116,CUST-1032,2026-08-14 07:33:00,749.59,Utilities,Hyderabad,DEV-CUST-1032-A,no,none
TXN-80954,CUST-1027,2026-08-14 07:39:00,2267.3,Travel,Pune,DEV-CUST-1027-A,no,none
TXN-80951,CUST-1027,2026-08-14 07:48:00,2714.72,Travel,Pune,DEV-CUST-1027-B,no,none
TXN-81097,CUST-1031,2026-08-14 08:09:00,1408.42,Electronics,Kolkata,DEV-CUST-1031-A,no,none
TXN-80853,CUST-1025,2026-08-14 08:16:00,3843.31,Utilities,Pune,DEV-CUST-1025-A,no,none
TXN-80184,CUST-1006,2026-08-14 08:28:00,755.7,Grocery,Delhi,DEV-CUST-1006-A,no,none
TXN-81529,CUST-1043,2026-08-14 08:54:00,717.08,Electronics,Hyderabad,DEV-CUST-1043-A,no,none
TXN-80319,CUST-1010,2026-08-14 09:02:00,2294.65,Electronics,Pune,DEV-CUST-1010-A,no,none
TXN-80484,CUST-1015,2026-08-14 10:09:00,3686.69,Pharmacy,Chennai,DEV-CUST-1015-A,no,none
TXN-81155,CUST-1033,2026-08-14 10:37:00,1712.85,Entertainment,Bangalore,DEV-CUST-1033-B,no,none
TXN-81368,CUST-1038,2026-08-14 11:09:00,4369.97,Entertainment,Mumbai,DEV-CUST-1038-A,no,none
TXN-80883,CUST-1025,2026-08-14 11:25:00,2679.79,Entertainment,Pune,DEV-CUST-1025-A,no,none
TXN-80696,CUST-1021,2026-08-14 12:24:00,638.32,Online Marketplace,Hyderabad,DEV-CUST-1021-A,no,none
TXN-80575,CUST-1017,2026-08-14 13:21:00,2434.93,Fuel,Kolkata,DEV-CUST-1017-B,no,none
TXN-81495,CUST-1042,2026-08-14 14:30:00,521.22,Fuel,Hyderabad,DEV-CUST-1042-A,no,none
TXN-81012,CUST-1029,2026-08-14 14:59:00,2284.5,Dining,Chennai,DEV-CUST-1029-A,no,none
TXN-80118,CUST-1004,2026-08-14 18:46:00,854.18,Grocery,Kolkata,DEV-CUST-1004-A,no,none
TXN-80900,CUST-1026,2026-08-14 18:59:00,604.19,Online Marketplace,Pune,DEV-CUST-1026-A,no,none
TXN-80125,CUST-1004,2026-08-14 19:52:00,760.27,Pharmacy,Kolkata,DEV-CUST-1004-A,no,none
TXN-80081,CUST-1003,2026-08-14 20:40:00,1133.01,Retail,Delhi,DEV-CUST-1003-B,no,none
TXN-81095,CUST-1031,2026-08-14 22:36:00,1480.09,Travel,Kolkata,DEV-CUST-1031-A,no,none
TXN-81410,CUST-1040,2026-08-15 07:36:00,4410.66,Electronics,Delhi,DEV-CUST-1040-A,no,none
TXN-80507,CUST-1015,2026-08-15 07:45:00,2850.57,Retail,Chennai,DEV-CUST-1015-A,no,none
TXN-81086,CUST-1031,2026-08-15 09:09:00,848.21,Electronics,Kolkata,DEV-CUST-1031-A,no,none
TXN-80697,CUST-1021,2026-08-15 09:33:00,893.98,Retail,Hyderabad,DEV-CUST-1021-A,no,none
TXN-80513,CUST-1016,2026-08-15 10:21:00,574.04,Dining,Ahmedabad,DEV-CUST-1016-A,no,none
TXN-81220,CUST-1034,2026-08-15 10:53:00,394.14,Travel,Delhi,DEV-CUST-1034-A,no,none
TXN-80253,CUST-1008,2026-08-15 11:10:00,470.04,Online Marketplace,Delhi,DEV-CUST-1008-A,no,none
TXN-81346,CUST-1038,2026-08-15 11:47:00,2196.41,Online Marketplace,Mumbai,DEV-CUST-1038-A,no,none
TXN-80131,CUST-1004,2026-08-15 11:56:00,811.6,Dining,Kolkata,DEV-CUST-1004-A,no,none
TXN-81019,CUST-1029,2026-08-15 12:21:00,4145.55,Pharmacy,Chennai,DEV-CUST-1029-A,no,none
TXN-80884,CUST-1025,2026-08-15 13:56:00,3995.14,Grocery,Pune,DEV-CUST-1025-A,no,none
TXN-80448,CUST-1014,2026-08-15 19:22:00,1369.2,Online Marketplace,Ahmedabad,DEV-CUST-1014-B,no,none
TXN-81684,CUST-1048,2026-08-15 19:30:00,3096.8,Fuel,Pune,DEV-CUST-1048-A,no,none
TXN-80948,CUST-1027,2026-08-15 21:20:00,2156.28,Grocery,Pune,DEV-CUST-1027-B,no,none
TXN-81067,CUST-1030,2026-08-15 21:29:00,1720.21,Retail,Ahmedabad,DEV-CUST-1030-A,no,none
TXN-80475,CUST-1015,2026-08-15 22:49:00,3730.09,Retail,Chennai,DEV-CUST-1015-A,no,none
TXN-80138,CUST-1004,2026-08-16 07:17:00,1343.89,Grocery,Kolkata,DEV-CUST-1004-A,no,none
TXN-81222,CUST-1034,2026-08-16 07:21:00,407.51,Grocery,Delhi,DEV-CUST-1034-A,no,none
TXN-80167,CUST-1005,2026-08-16 08:00:00,1404.31,Electronics,Hyderabad,DEV-CUST-1005-B,no,none
TXN-80726,CUST-1021,2026-08-16 08:49:00,671.41,Retail,Hyderabad,DEV-CUST-1021-A,no,none
TXN-80857,CUST-1025,2026-08-16 09:11:00,4220.93,Retail,Pune,DEV-CUST-1025-A,no,none
TXN-81744,CUST-1050,2026-08-16 10:06:00,3332.39,Entertainment,Bangalore,DEV-CUST-1050-A,no,none
TXN-80379,CUST-1012,2026-08-16 13:29:00,1050.09,Fuel,Mumbai,DEV-CUST-1012-A,no,none
TXN-81199,CUST-1034,2026-08-16 13:52:00,553.61,Utilities,Delhi,DEV-CUST-1034-A,no,none
TXN-80870,CUST-1025,2026-08-16 14:14:00,4860.61,Retail,Pune,DEV-CUST-1025-A,no,none
TXN-81616,CUST-1045,2026-08-16 15:44:00,788.6,Utilities,Chennai,DEV-CUST-1045-A,no,none
TXN-81521,CUST-1043,2026-08-16 16:09:00,594.61,Online Marketplace,Hyderabad,DEV-CUST-1043-B,no,none
TXN-81372,CUST-1038,2026-08-16 17:54:00,3736.24,Entertainment,Mumbai,DEV-CUST-1038-A,no,none
TXN-81718,CUST-1049,2026-08-16 19:13:00,579.43,Online Marketplace,Mumbai,DEV-CUST-1049-A,no,none
TXN-80406,CUST-1013,2026-08-16 19:39:00,2628.51,Entertainment,Pune,DEV-CUST-1013-A,no,none
TXN-81190,CUST-1034,2026-08-16 20:50:00,566.66,Travel,Delhi,DEV-CUST-1034-A,no,none
TXN-81357,CUST-1038,2026-08-16 21:48:00,4284.81,Online Marketplace,Mumbai,DEV-CUST-1038-A,no,none
TXN-80278,CUST-1009,2026-08-16 22:16:00,931.16,Utilities,Kolkata,DEV-CUST-1009-A,no,none
TXN-80710,CUST-1021,2026-08-17 10:11:00,930.37,Online Marketplace,Hyderabad,DEV-CUST-1021-A,no,none
TXN-81438,CUST-1040,2026-08-17 10:11:00,1982.15,Travel,Delhi,DEV-CUST-1040-A,no,none
TXN-80013,CUST-1001,2026-08-17 10:24:00,678.62,Travel,Delhi,DEV-CUST-1001-A,no,none
TXN-81502,CUST-1042,2026-08-17 10:55:00,557.25,Entertainment,Hyderabad,DEV-CUST-1042-A,no,none
TXN-80146,CUST-1005,2026-08-17 11:04:00,884.19,Electronics,Hyderabad,DEV-CUST-1005-B,no,none
TXN-80259,CUST-1008,2026-08-17 11:20:00,684.81,Travel,Delhi,DEV-CUST-1008-A,no,none
TXN-81402,CUST-1039,2026-08-17 11:54:00,860.82,Electronics,Bangalore,DEV-CUST-1039-A,no,none
TXN-81669,CUST-1047,2026-08-17 12:32:00,3969.48,Travel,Delhi,DEV-CUST-1047-A,no,none
TXN-80733,CUST-1022,2026-08-17 13:29:00,1554.76,Grocery,Delhi,DEV-CUST-1022-A,no,none
TXN-81551,CUST-1044,2026-08-17 13:37:00,2292.55,Retail,Pune,DEV-CUST-1044-B,no,none
TXN-81549,CUST-1044,2026-08-17 13:44:00,3440.25,Electronics,Pune,DEV-CUST-1044-A,no,none
TXN-80828,CUST-1024,2026-08-17 14:36:00,4573.17,Fuel,Bangalore,DEV-CUST-1024-A,no,none
TXN-80078,CUST-1003,2026-08-17 15:01:00,931.07,Grocery,Delhi,DEV-CUST-1003-A,no,none
TXN-80158,CUST-1005,2026-08-17 15:01:00,809.26,Electronics,Hyderabad,DEV-CUST-1005-B,no,none
TXN-80566,CUST-1017,2026-08-17 16:45:00,3494.63,Fuel,Kolkata,DEV-CUST-1017-B,no,none
TXN-81134,CUST-1032,2026-08-17 17:09:00,693.88,Entertainment,Hyderabad,DEV-CUST-1032-A,no,none
TXN-80905,CUST-1026,2026-08-17 17:16:00,176.54,Utilities,Pune,DEV-CUST-1026-A,no,none
TXN-81369,CUST-1038,2026-08-17 17:18:00,3424.29,Online Marketplace,Mumbai,DEV-CUST-1038-A,no,none
TXN-80518,CUST-1016,2026-08-17 17:58:00,586.04,Dining,Ahmedabad,DEV-CUST-1016-A,no,none
TXN-80366,CUST-1012,2026-08-17 19:49:00,994.19,Fuel,Mumbai,DEV-CUST-1012-A,no,none
TXN-81259,CUST-1036,2026-08-17 21:08:00,2335.36,Pharmacy,Mumbai,DEV-CUST-1036-B,no,none
TXN-81574,CUST-1044,2026-08-17 21:10:00,2466.62,Retail,Pune,DEV-CUST-1044-A,no,none
TXN-80164,CUST-1005,2026-08-17 21:26:00,1359.2,Online Marketplace,Hyderabad,DEV-CUST-1005-A,no,none
TXN-81336,CUST-1037,2026-08-17 22:00:00,1339.08,Online Marketplace,Bangalore,DEV-CUST-1037-A,no,none
TXN-81703,CUST-1049,2026-08-17 22:13:00,549.63,Online Marketplace,Mumbai,DEV-CUST-1049-A,no,none
TXN-80893,CUST-1026,2026-08-17 22:15:00,968.24,Utilities,Pune,DEV-CUST-1026-B,no,none
TXN-80185,CUST-1006,2026-08-17 22:32:00,1262.55,Fuel,Delhi,DEV-CUST-1006-A,no,none
TXN-80115,CUST-1004,2026-08-17 22:53:00,1052.26,Grocery,Kolkata,DEV-CUST-1004-A,no,none
TXN-80746,CUST-1022,2026-08-18 07:48:00,983.54,Online Marketplace,Delhi,DEV-CUST-1022-A,no,none
TXN-80616,CUST-1018,2026-08-18 07:55:00,3105.59,Fuel,Mumbai,DEV-CUST-1018-A,no,none
TXN-81500,CUST-1042,2026-08-18 08:22:00,411.23,Entertainment,Hyderabad,DEV-CUST-1042-A,no,none
TXN-80392,CUST-1013,2026-08-18 08:36:00,1591.42,Pharmacy,Pune,DEV-CUST-1013-A,no,none
TXN-80245,CUST-1008,2026-08-18 09:04:00,384.2,Online Marketplace,Delhi,DEV-CUST-1008-A,no,none
TXN-80252,CUST-1008,2026-08-18 09:32:00,457.6,Online Marketplace,Delhi,DEV-CUST-1008-A,no,none
TXN-80408,CUST-1013,2026-08-18 09:43:00,2600.66,Travel,Pune,DEV-CUST-1013-A,no,none
TXN-81426,CUST-1040,2026-08-18 12:26:00,2186.76,Electronics,Delhi,DEV-CUST-1040-A,no,none
TXN-81600,CUST-1045,2026-08-18 13:05:00,868.79,Fuel,Chennai,DEV-CUST-1045-A,no,none
TXN-81386,CUST-1039,2026-08-18 13:54:00,744.17,Electronics,Bangalore,DEV-CUST-1039-A,no,none
TXN-80127,CUST-1004,2026-08-18 14:41:00,1286.66,Pharmacy,Kolkata,DEV-CUST-1004-A,no,none
TXN-80985,CUST-1028,2026-08-18 15:21:00,565.6,Travel,Delhi,DEV-CUST-1028-A,no,none
TXN-80821,CUST-1024,2026-08-18 15:33:00,3823.46,Pharmacy,Bangalore,DEV-CUST-1024-A,no,none
TXN-81626,CUST-1046,2026-08-18 16:20:00,3043.63,Fuel,Chennai,DEV-CUST-1046-A,no,none
TXN-80239,CUST-1007,2026-08-18 16:44:00,2252.73,Online Marketplace,Delhi,DEV-CUST-1007-A,no,none
TXN-80199,CUST-1006,2026-08-18 16:48:00,1196.99,Grocery,Delhi,DEV-CUST-1006-A,no,none
TXN-81646,CUST-1046,2026-08-18 17:07:00,4803.99,Electronics,Chennai,DEV-CUST-1046-A,no,none
TXN-80587,CUST-1018,2026-08-18 20:40:00,2663.28,Grocery,Mumbai,DEV-CUST-1018-A,no,none
TXN-80952,CUST-1027,2026-08-18 21:12:00,2783.1,Grocery,Pune,DEV-CUST-1027-B,no,none
TXN-81581,CUST-1044,2026-08-18 21:21:00,2410.98,Travel,Pune,DEV-CUST-1044-A,no,none
TXN-80286,CUST-1009,2026-08-18 22:12:00,725.27,Dining,Kolkata,DEV-CUST-1009-A,no,none
TXN-80906,CUST-1026,2026-08-18 22:33:00,783.59,Utilities,Pune,DEV-CUST-1026-B,no,none
TXN-81312,CUST-1037,2026-08-19 08:36:00,644.31,Online Marketplace,Bangalore,DEV-CUST-1037-B,no,none
TXN-80103,CUST-1003,2026-08-19 09:15:00,555.73,Utilities,Delhi,DEV-CUST-1003-A,no,none
TXN-80271,CUST-1009,2026-08-19 10:08:00,1496.54,Retail,Kolkata,DEV-CUST-1009-A,no,none
TXN-81759,CUST-1050,2026-08-19 10:38:00,3066.65,Utilities,Bangalore,DEV-CUST-1050-A,no,none
TXN-80196,CUST-1006,2026-08-19 11:38:00,1085.14,Online Marketplace,Delhi,DEV-CUST-1006-A,no,none
TXN-80852,CUST-1025,2026-08-19 11:44:00,2897.38,Retail,Pune,DEV-CUST-1025-A,no,none
TXN-81261,CUST-1036,2026-08-19 13:18:00,1730.44,Pharmacy,Mumbai,DEV-CUST-1036-A,no,none
TXN-80611,CUST-1018,2026-08-19 15:56:00,3410.28,Retail,Mumbai,DEV-CUST-1018-A,no,none
TXN-80147,CUST-1005,2026-08-19 17:24:00,1568.73,Online Marketplace,Hyderabad,DEV-CUST-1005-B,no,none
TXN-81054,CUST-1030,2026-08-19 17:47:00,1613.04,Pharmacy,Ahmedabad,DEV-CUST-1030-B,no,none
TXN-80380,CUST-1012,2026-08-19 19:51:00,1019.43,Fuel,Mumbai,DEV-CUST-1012-A,no,none
TXN-81309,CUST-1037,2026-08-19 20:24:00,924.31,Online Marketplace,Bangalore,DEV-CUST-1037-B,no,none
TXN-81427,CUST-1040,2026-08-19 20:29:00,2538.9,Grocery,Delhi,DEV-CUST-1040-A,no,none
TXN-80173,CUST-1006,2026-08-19 21:53:00,1094.68,Online Marketplace,Delhi,DEV-CUST-1006-A,no,none
TXN-81464,CUST-1041,2026-08-20 07:04:00,1408.14,Electronics,Delhi,DEV-CUST-1041-A,no,none
TXN-81743,CUST-1050,2026-08-20 07:40:00,5249.39,Entertainment,Bangalore,DEV-CUST-1050-A,no,none
TXN-80798,CUST-1023,2026-08-20 08:47:00,845.38,Utilities,Delhi,DEV-CUST-1023-A,no,none
TXN-81760,CUST-1050,2026-08-20 09:28:00,3891.61,Entertainment,Bangalore,DEV-CUST-1050-A,no,none
TXN-81610,CUST-1045,2026-08-20 10:02:00,851.42,Utilities,Chennai,DEV-CUST-1045-A,no,none
TXN-80762,CUST-1022,2026-08-20 10:28:00,1378.78,Online Marketplace,Delhi,DEV-CUST-1022-A,no,none
TXN-81493,CUST-1042,2026-08-20 10:55:00,839.93,Fuel,Hyderabad,DEV-CUST-1042-B,no,none
TXN-80117,CUST-1004,2026-08-20 10:57:00,855.58,Dining,Kolkata,DEV-CUST-1004-A,no,none
TXN-80767,CUST-1023,2026-08-20 11:55:00,734.84,Dining,Delhi,DEV-CUST-1023-A,no,none
TXN-80891,CUST-1026,2026-08-20 12:07:00,1359.54,Online Marketplace,Pune,DEV-CUST-1026-B,no,none
TXN-81100,CUST-1031,2026-08-20 12:48:00,2335.44,Grocery,Kolkata,DEV-CUST-1031-A,no,none
TXN-81770,CUST-1028,2026-08-20 13:00:00,1271.56,Entertainment,Delhi,DEV-CUST-1028-A,yes,behavior
TXN-80028,CUST-1001,2026-08-20 14:17:00,312.92,Dining,Delhi,DEV-CUST-1001-A,no,none
TXN-80213,CUST-1007,2026-08-20 14:45:00,2095.45,Travel,Delhi,DEV-CUST-1007-B,no,none
TXN-81189,CUST-1034,2026-08-20 16:20:00,535.39,Electronics,Delhi,DEV-CUST-1034-A,no,none
TXN-81429,CUST-1040,2026-08-20 16:42:00,4671.12,Grocery,Delhi,DEV-CUST-1040-A,no,none
TXN-80181,CUST-1006,2026-08-20 16:50:00,1184.25,Fuel,Delhi,DEV-CUST-1006-A,no,none
TXN-81773,CUST-1016,2026-08-20 19:00:00,1113.66,Dining,Kolkata,DEV-CUST-1016-A,yes,location
TXN-81453,CUST-1041,2026-08-20 19:43:00,2487.86,Retail,Delhi,DEV-CUST-1041-A,no,none
TXN-80768,CUST-1023,2026-08-20 19:54:00,836.67,Utilities,Delhi,DEV-CUST-1023-A,no,none
TXN-80429,CUST-1013,2026-08-20 20:24:00,1654.29,Travel,Pune,DEV-CUST-1013-A,no,none
TXN-80087,CUST-1003,2026-08-20 21:48:00,1068.12,Utilities,Delhi,DEV-CUST-1003-B,no,none
TXN-80477,CUST-1015,2026-08-21 07:21:00,4780.51,Travel,Chennai,DEV-CUST-1015-A,no,none
TXN-80520,CUST-1016,2026-08-21 09:52:00,489.45,Online Marketplace,Ahmedabad,DEV-CUST-1016-A,no,none
TXN-81623,CUST-1046,2026-08-21 11:56:00,3418.89,Fuel,Chennai,DEV-CUST-1046-A,no,none
TXN-81788,CUST-1049,2026-08-21 12:00:00,1741.37,Entertainment,Mumbai,DEV-CUST-1049-A,yes,behavior
TXN-81791,CUST-1035,2026-08-21 13:00:00,3038.26,Dining,Bangalore,DEV-CUST-1035-A,yes,location
TXN-80910,CUST-1026,2026-08-21 13:44:00,1230.21,Utilities,Pune,DEV-CUST-1026-B,no,none
TXN-81555,CUST-1044,2026-08-21 13:45:00,1864.92,Retail,Pune,DEV-CUST-1044-A,no,none
TXN-80294,CUST-1009,2026-08-21 14:03:00,978.49,Dining,Kolkata,DEV-CUST-1009-A,no,none
TXN-80739,CUST-1022,2026-08-21 14:43:00,1037.42,Grocery,Delhi,DEV-CUST-1022-A,no,none
TXN-81365,CUST-1038,2026-08-21 15:22:00,2264.31,Entertainment,Mumbai,DEV-CUST-1038-A,no,none
TXN-80596,CUST-1018,2026-08-21 15:49:00,4443.32,Utilities,Mumbai,DEV-CUST-1018-A,no,none
TXN-80367,CUST-1012,2026-08-21 15:50:00,1161.05,Fuel,Mumbai,DEV-CUST-1012-A,no,none
TXN-80310,CUST-1010,2026-08-21 16:23:00,4336.01,Dining,Pune,DEV-CUST-1010-A,no,none
TXN-81724,CUST-1049,2026-08-21 16:44:00,648.18,Retail,Mumbai,DEV-CUST-1049-A,no,none
TXN-81797,CUST-1007,2026-08-21 17:00:00,4032.94,Pharmacy,Delhi,DEV-CUST-1007-A,yes,behavior
TXN-81099,CUST-1031,2026-08-21 18:03:00,1663.04,Grocery,Kolkata,DEV-CUST-1031-A,no,none
TXN-80649,CUST-1019,2026-08-21 18:48:00,1173.76,Fuel,Chennai,DEV-CUST-1019-A,no,none
TXN-80838,CUST-1024,2026-08-21 19:03:00,3311.79,Pharmacy,Bangalore,DEV-CUST-1024-A,no,none
TXN-80481,CUST-1015,2026-08-21 19:04:00,3237.07,Retail,Chennai,DEV-CUST-1015-A,no,none
TXN-81344,CUST-1038,2026-08-21 19:07:00,2355.15,Entertainment,Mumbai,DEV-CUST-1038-A,no,none
TXN-80402,CUST-1013,2026-08-21 20:25:00,3132.8,Travel,Pune,DEV-CUST-1013-A,no,none
TXN-80111,CUST-1004,2026-08-21 20:44:00,899.73,Grocery,Kolkata,DEV-CUST-1004-A,no,none
TXN-80049,CUST-1002,2026-08-21 21:45:00,3811.82,Grocery,Delhi,DEV-CUST-1002-A,no,none
TXN-81748,CUST-1050,2026-08-21 21:51:00,4115.53,Entertainment,Bangalore,DEV-CUST-1050-A,no,none
TXN-80063,CUST-1002,2026-08-21 22:06:00,4296.69,Entertainment,Delhi,DEV-CUST-1002-A,no,none
TXN-80514,CUST-1016,2026-08-21 22:41:00,676.99,Online Marketplace,Ahmedabad,DEV-CUST-1016-A,no,none
TXN-80961,CUST-1027,2026-08-22 07:09:00,2370.72,Travel,Pune,DEV-CUST-1027-A,no,none
TXN-81637,CUST-1046,2026-08-22 08:08:00,3503.81,Fuel,Chennai,DEV-CUST-1046-A,no,none
TXN-81168,CUST-1033,2026-08-22 08:46:00,1448.19,Electronics,Bangalore,DEV-CUST-1033-A,no,none
TXN-81179,CUST-1033,2026-08-22 08:53:00,1746.61,Travel,Bangalore,DEV-CUST-1033-A,no,none
TXN-81398,CUST-1039,2026-08-22 09:22:00,663.57,Dining,Bangalore,DEV-CUST-1039-A,no,none
TXN-80664,CUST-1020,2026-08-22 09:47:00,1408.71,Utilities,Bangalore,DEV-CUST-1020-A,no,none
TXN-80684,CUST-1020,2026-08-22 09:53:00,1786.63,Travel,Bangalore,DEV-CUST-1020-A,no,none
TXN-80337,CUST-1011,2026-08-22 09:59:00,1388.01,Travel,Ahmedabad,DEV-CUST-1011-A,no,none
TXN-81188,CUST-1034,2026-08-22 11:00:00,360.76,Utilities,Delhi,DEV-CUST-1034-A,no,none
TXN-81232,CUST-1035,2026-08-22 11:59:00,1903.44,Dining,Kolkata,DEV-CUST-1035-A,no,none
TXN-81538,CUST-1043,2026-08-22 14:01:00,605.44,Fuel,Hyderabad,DEV-CUST-1043-B,no,none
TXN-80607,CUST-1018,2026-08-22 14:29:00,4231.27,Grocery,Mumbai,DEV-CUST-1018-A,no,none
TXN-80500,CUST-1015,2026-08-22 14:40:00,3950.33,Pharmacy,Chennai,DEV-CUST-1015-A,no,none
TXN-81146,CUST-1033,2026-08-22 16:37:00,2332.54,Travel,Bangalore,DEV-CUST-1033-A,no,none
TXN-81461,CUST-1041,2026-08-22 16:48:00,2662.22,Fuel,Delhi,DEV-CUST-1041-A,no,none
TXN-80192,CUST-1006,2026-08-22 17:52:00,802.19,Grocery,Delhi,DEV-CUST-1006-A,no,none
TXN-81031,CUST-1029,2026-08-22 18:18:00,3667.25,Pharmacy,Chennai,DEV-CUST-1029-A,no,none
TXN-81635,CUST-1046,2026-08-22 19:06:00,3423.57,Fuel,Chennai,DEV-CUST-1046-A,no,none
TXN-80535,CUST-1016,2026-08-22 19:11:00,498.67,Dining,Ahmedabad,DEV-CUST-1016-A,no,none
TXN-81483,CUST-1042,2026-08-22 19:25:00,734.2,Fuel,Hyderabad,DEV-CUST-1042-A,no,none
TXN-80193,CUST-1006,2026-08-22 20:32:00,1016.01,Grocery,Delhi,DEV-CUST-1006-A,no,none
TXN-81184,CUST-1033,2026-08-22 20:50:00,1162.93,Travel,Bangalore,DEV-CUST-1033-B,no,none
TXN-80882,CUST-1025,2026-08-22 21:05:00,5386.0,Retail,Pune,DEV-CUST-1025-A,no,none
TXN-81425,CUST-1040,2026-08-22 21:22:00,3076.19,Travel,Delhi,DEV-CUST-1040-A,no,none
TXN-80178,CUST-1006,2026-08-23 09:11:00,1338.87,Online Marketplace,Delhi,DEV-CUST-1006-A,no,none
TXN-80440,CUST-1014,2026-08-23 09:45:00,1016.47,Utilities,Ahmedabad,DEV-CUST-1014-A,no,none
TXN-80427,CUST-1013,2026-08-23 11:44:00,2815.68,Pharmacy,Pune,DEV-CUST-1013-A,no,none
TXN-81329,CUST-1037,2026-08-23 12:00:00,1372.11,Utilities,Bangalore,DEV-CUST-1037-B,no,none
TXN-80640,CUST-1019,2026-08-23 12:32:00,2489.69,Utilities,Chennai,DEV-CUST-1019-A,no,none
TXN-80420,CUST-1013,2026-08-23 14:19:00,1729.05,Travel,Pune,DEV-CUST-1013-A,no,none
TXN-81247,CUST-1035,2026-08-23 14:27:00,2286.39,Pharmacy,Kolkata,DEV-CUST-1035-A,no,none
TXN-81609,CUST-1045,2026-08-23 15:13:00,817.05,Fuel,Chennai,DEV-CUST-1045-A,no,none
TXN-81093,CUST-1031,2026-08-23 16:26:00,2220.9,Electronics,Kolkata,DEV-CUST-1031-A,no,none
TXN-81764,CUST-1012,2026-08-23 17:00:00,992.63,Fuel,Bangalore,DEV-CUST-1012-A,yes,location
TXN-80695,CUST-1021,2026-08-23 17:06:00,821.72,Entertainment,Hyderabad,DEV-CUST-1021-A,no,none
TXN-80438,CUST-1014,2026-08-23 18:16:00,792.89,Utilities,Ahmedabad,DEV-CUST-1014-B,no,none
TXN-80308,CUST-1010,2026-08-23 18:44:00,4278.09,Dining,Pune,DEV-CUST-1010-A,no,none
TXN-80191,CUST-1006,2026-08-23 19:08:00,614.97,Entertainment,Delhi,DEV-CUST-1006-A,no,none
TXN-80128,CUST-1004,2026-08-23 20:07:00,1062.2,Grocery,Kolkata,DEV-CUST-1004-A,no,none
TXN-80564,CUST-1017,2026-08-23 20:32:00,2939.16,Online Marketplace,Kolkata,DEV-CUST-1017-A,no,none
TXN-80296,CUST-1010,2026-08-23 22:30:00,3411.57,Dining,Pune,DEV-CUST-1010-B,no,none
TXN-81742,CUST-1050,2026-08-24 08:17:00,5073.13,Entertainment,Bangalore,DEV-CUST-1050-A,no,none
TXN-81790,CUST-1037,2026-08-24 09:00:00,789.81,Utilities,Bangalore,DEV-CUST-1037-NEW,yes,device
TXN-81510,CUST-1042,2026-08-24 09:06:00,757.49,Entertainment,Hyderabad,DEV-CUST-1042-A,no,none
TXN-80020,CUST-1001,2026-08-24 09:18:00,680.51,Dining,Delhi,DEV-CUST-1001-A,no,none
TXN-80993,CUST-1028,2026-08-24 09:40:00,130.22,Travel,Delhi,DEV-CUST-1028-A,no,none
TXN-80947,CUST-1027,2026-08-24 09:47:00,3240.85,Travel,Pune,DEV-CUST-1027-A,no,none
TXN-80597,CUST-1018,2026-08-24 10:41:00,3641.72,Utilities,Mumbai,DEV-CUST-1018-A,no,none
TXN-80600,CUST-1018,2026-08-24 10:42:00,2338.08,Retail,Mumbai,DEV-CUST-1018-A,no,none
TXN-80218,CUST-1007,2026-08-24 10:49:00,1880.81,Travel,Delhi,DEV-CUST-1007-B,no,none
TXN-80862,CUST-1025,2026-08-24 11:05:00,3303.36,Grocery,Pune,DEV-CUST-1025-A,no,none
TXN-81565,CUST-1044,2026-08-24 11:09:00,1762.31,Electronics,Pune,DEV-CUST-1044-B,no,none
TXN-80098,CUST-1003,2026-08-24 11:31:00,1131.65,Grocery,Delhi,DEV-CUST-1003-A,no,none
TXN-80577,CUST-1017,2026-08-24 12:18:00,2767.45,Entertainment,Kolkata,DEV-CUST-1017-A,no,none
TXN-80701,CUST-1021,2026-08-24 14:26:00,1034.66,Online Marketplace,Hyderabad,DEV-CUST-1021-A,no,none
TXN-80450,CUST-1014,2026-08-24 16:13:00,765.97,Utilities,Ahmedabad,DEV-CUST-1014-B,no,none
TXN-80573,CUST-1017,2026-08-24 17:43:00,2590.52,Entertainment,Kolkata,DEV-CUST-1017-B,no,none
TXN-81409,CUST-1039,2026-08-24 18:21:00,624.23,Electronics,Bangalore,DEV-CUST-1039-A,no,none
TXN-80855,CUST-1025,2026-08-24 18:55:00,4066.95,Grocery,Pune,DEV-CUST-1025-A,no,none
TXN-81792,CUST-1022,2026-08-24 20:00:00,763.53,Travel,Delhi,DEV-CUST-1022-A,yes,velocity
TXN-81793,CUST-1022,2026-08-24 20:02:00,1160.12,Travel,Delhi,DEV-CUST-1022-A,yes,velocity
TXN-81794,CUST-1022,2026-08-24 20:04:00,721.24,Travel,Delhi,DEV-CUST-1022-A,yes,velocity
TXN-81795,CUST-1022,2026-08-24 20:06:00,1322.91,Grocery,Delhi,DEV-CUST-1022-A,yes,velocity
TXN-81796,CUST-1022,2026-08-24 20:08:00,1211.43,Online Marketplace,Delhi,DEV-CUST-1022-A,yes,velocity
TXN-81148,CUST-1033,2026-08-24 20:36:00,2289.97,Entertainment,Bangalore,DEV-CUST-1033-B,no,none
TXN-80326,CUST-1010,2026-08-24 20:39:00,4078.3,Electronics,Pune,DEV-CUST-1010-A,no,none
TXN-80532,CUST-1016,2026-08-24 22:12:00,604.4,Dining,Ahmedabad,DEV-CUST-1016-A,no,none
TXN-81141,CUST-1032,2026-08-24 22:30:00,519.15,Utilities,Hyderabad,DEV-CUST-1032-B,no,none
TXN-81113,CUST-1031,2026-08-25 07:48:00,1990.11,Electronics,Kolkata,DEV-CUST-1031-A,no,none
TXN-80676,CUST-1020,2026-08-25 08:54:00,2180.28,Electronics,Bangalore,DEV-CUST-1020-A,no,none
TXN-81170,CUST-1033,2026-08-25 09:25:00,1261.2,Entertainment,Bangalore,DEV-CUST-1033-A,no,none
TXN-80154,CUST-1005,2026-08-25 10:26:00,1476.58,Online Marketplace,Hyderabad,DEV-CUST-1005-B,no,none
TXN-80309,CUST-1010,2026-08-25 10:29:00,3188.26,Travel,Pune,DEV-CUST-1010-A,no,none
TXN-80042,CUST-1002,2026-08-25 10:36:00,3564.25,Pharmacy,Delhi,DEV-CUST-1002-A,no,none
TXN-81512,CUST-1043,2026-08-25 11:59:00,681.33,Fuel,Hyderabad,DEV-CUST-1043-A,no,none
TXN-80439,CUST-1014,2026-08-25 12:03:00,747.2,Utilities,Ahmedabad,DEV-CUST-1014-B,no,none
TXN-80462,CUST-1014,2026-08-25 12:07:00,998.95,Utilities,Ahmedabad,DEV-CUST-1014-A,no,none
TXN-80663,CUST-1020,2026-08-25 13:55:00,2031.05,Utilities,Bangalore,DEV-CUST-1020-A,no,none
TXN-81780,CUST-1024,2026-08-25 15:00:00,16447.96,Pharmacy,Bangalore,DEV-CUST-1024-A,yes,amount
TXN-80151,CUST-1005,2026-08-25 15:23:00,1637.84,Online Marketplace,Hyderabad,DEV-CUST-1005-A,no,none
TXN-81727,CUST-1049,2026-08-25 16:54:00,506.45,Online Marketplace,Mumbai,DEV-CUST-1049-A,no,none
TXN-81789,CUST-1001,2026-08-25 17:00:00,4184.35,Travel,Delhi,DEV-CUST-1001-A,yes,amount
TXN-80015,CUST-1001,2026-08-25 17:39:00,486.19,Dining,Delhi,DEV-CUST-1001-A,no,none
TXN-81783,CUST-1047,2026-08-25 18:00:00,2037.68,Fuel,Delhi,DEV-CUST-1047-A,yes,velocity
TXN-81784,CUST-1047,2026-08-25 18:02:00,1883.94,Fuel,Delhi,DEV-CUST-1047-A,yes,velocity
TXN-81785,CUST-1047,2026-08-25 18:04:00,2138.46,Travel,Delhi,DEV-CUST-1047-A,yes,velocity
TXN-81786,CUST-1047,2026-08-25 18:06:00,4161.89,Retail,Delhi,DEV-CUST-1047-A,yes,velocity
TXN-81787,CUST-1047,2026-08-25 18:08:00,2969.91,Fuel,Delhi,DEV-CUST-1047-A,yes,velocity
TXN-80576,CUST-1017,2026-08-25 18:32:00,2061.54,Entertainment,Kolkata,DEV-CUST-1017-A,no,none
TXN-80538,CUST-1016,2026-08-25 18:51:00,694.64,Online Marketplace,Ahmedabad,DEV-CUST-1016-A,no,none
TXN-80016,CUST-1001,2026-08-25 20:20:00,868.0,Dining,Delhi,DEV-CUST-1001-A,no,none
TXN-81240,CUST-1035,2026-08-25 21:39:00,1425.29,Dining,Kolkata,DEV-CUST-1035-A,no,none
TXN-81338,CUST-1037,2026-08-25 21:43:00,957.75,Online Marketplace,Bangalore,DEV-CUST-1037-B,no,none
TXN-80079,CUST-1003,2026-08-26 07:48:00,816.34,Grocery,Delhi,DEV-CUST-1003-A,no,none
TXN-80188,CUST-1006,2026-08-26 08:50:00,1375.32,Entertainment,Delhi,DEV-CUST-1006-A,no,none
TXN-81119,CUST-1032,2026-08-26 10:11:00,814.82,Entertainment,Hyderabad,DEV-CUST-1032-A,no,none
TXN-81772,CUST-1023,2026-08-26 12:00:00,722.09,Dining,Delhi,DEV-CUST-1023-NEW,yes,device
TXN-80987,CUST-1028,2026-08-26 12:20:00,385.74,Utilities,Delhi,DEV-CUST-1028-A,no,none
TXN-80899,CUST-1026,2026-08-26 16:39:00,714.67,Online Marketplace,Pune,DEV-CUST-1026-B,no,none
TXN-81260,CUST-1036,2026-08-26 18:50:00,1316.99,Pharmacy,Mumbai,DEV-CUST-1036-A,no,none
TXN-80102,CUST-1003,2026-08-26 19:20:00,741.61,Retail,Delhi,DEV-CUST-1003-A,no,none
TXN-80568,CUST-1017,2026-08-26 19:37:00,2887.57,Online Marketplace,Kolkata,DEV-CUST-1017-A,no,none
TXN-81779,CUST-1014,2026-08-26 20:00:00,2047.21,Fuel,Ahmedabad,DEV-CUST-1014-A,yes,behavior
TXN-81197,CUST-1034,2026-08-26 22:07:00,616.14,Travel,Delhi,DEV-CUST-1034-A,no,none
TXN-80386,CUST-1012,2026-08-27 07:46:00,837.81,Fuel,Mumbai,DEV-CUST-1012-A,no,none
TXN-80435,CUST-1013,2026-08-27 08:02:00,3386.78,Entertainment,Pune,DEV-CUST-1013-A,no,none
TXN-81697,CUST-1048,2026-08-27 08:39:00,3796.93,Utilities,Pune,DEV-CUST-1048-A,no,none
TXN-81618,CUST-1045,2026-08-27 09:10:00,874.85,Retail,Chennai,DEV-CUST-1045-A,no,none
TXN-80313,CUST-1010,2026-08-27 09:33:00,2210.8,Electronics,Pune,DEV-CUST-1010-A,no,none
TXN-80493,CUST-1015,2026-08-27 09:37:00,1824.93,Pharmacy,Chennai,DEV-CUST-1015-A,no,none
TXN-81181,CUST-1033,2026-08-27 10:34:00,2395.74,Electronics,Bangalore,DEV-CUST-1033-A,no,none
TXN-81771,CUST-1048,2026-08-27 11:00:00,21012.52,Fuel,Pune,DEV-CUST-1048-A,yes,amount
TXN-81228,CUST-1035,2026-08-27 11:22:00,2571.41,Pharmacy,Kolkata,DEV-CUST-1035-A,no,none
TXN-80751,CUST-1022,2026-08-27 12:29:00,1659.35,Grocery,Delhi,DEV-CUST-1022-A,no,none
TXN-81774,CUST-1005,2026-08-27 13:00:00,725.82,Online Marketplace,Hyderabad,DEV-CUST-1005-A,yes,velocity
TXN-81775,CUST-1005,2026-08-27 13:02:00,635.53,Pharmacy,Hyderabad,DEV-CUST-1005-A,yes,velocity
TXN-81776,CUST-1005,2026-08-27 13:04:00,1481.31,Electronics,Hyderabad,DEV-CUST-1005-A,yes,velocity
TXN-81777,CUST-1005,2026-08-27 13:06:00,923.89,Electronics,Hyderabad,DEV-CUST-1005-A,yes,velocity
TXN-81778,CUST-1005,2026-08-27 13:08:00,666.68,Electronics,Hyderabad,DEV-CUST-1005-A,yes,velocity
TXN-81203,CUST-1034,2026-08-27 13:45:00,482.94,Travel,Delhi,DEV-CUST-1034-A,no,none
TXN-80280,CUST-1009,2026-08-27 14:02:00,1127.28,Utilities,Kolkata,DEV-CUST-1009-A,no,none
TXN-81463,CUST-1041,2026-08-27 14:38:00,2180.72,Retail,Delhi,DEV-CUST-1041-A,no,none
TXN-80644,CUST-1019,2026-08-27 15:09:00,1536.4,Fuel,Chennai,DEV-CUST-1019-B,no,none
TXN-81782,CUST-1010,2026-08-27 16:00:00,5743.84,Electronics,Ahmedabad,DEV-CUST-1010-A,yes,location
TXN-81004,CUST-1028,2026-08-27 16:25:00,456.17,Utilities,Delhi,DEV-CUST-1028-A,no,none
TXN-80912,CUST-1026,2026-08-27 17:21:00,891.63,Utilities,Pune,DEV-CUST-1026-A,no,none
TXN-80578,CUST-1017,2026-08-27 17:41:00,2688.22,Online Marketplace,Kolkata,DEV-CUST-1017-A,no,none
TXN-81762,CUST-1002,2026-08-27 18:00:00,22708.34,Pharmacy,Delhi,DEV-CUST-1002-A,yes,amount
TXN-81781,CUST-1040,2026-08-27 18:00:00,2915.33,Travel,Delhi,DEV-CUST-1040-NEW,yes,device
TXN-81102,CUST-1031,2026-08-27 18:06:00,2594.82,Online Marketplace,Kolkata,DEV-CUST-1031-A,no,none
TXN-80848,CUST-1025,2026-08-27 18:09:00,3710.35,Retail,Pune,DEV-CUST-1025-A,no,none
TXN-81330,CUST-1037,2026-08-27 19:22:00,1087.52,Online Marketplace,Bangalore,DEV-CUST-1037-B,no,none
TXN-80982,CUST-1028,2026-08-27 19:30:00,675.48,Travel,Delhi,DEV-CUST-1028-A,no,none
TXN-80719,CUST-1021,2026-08-27 19:48:00,981.81,Online Marketplace,Hyderabad,DEV-CUST-1021-A,no,none
TXN-80543,CUST-1017,2026-08-27 20:12:00,3377.89,Fuel,Kolkata,DEV-CUST-1017-B,no,none
TXN-81707,CUST-1049,2026-08-27 20:17:00,598.78,Grocery,Mumbai,DEV-CUST-1049-A,no,none
TXN-81696,CUST-1048,2026-08-27 20:32:00,1715.02,Entertainment,Pune,DEV-CUST-1048-A,no,none
TXN-80752,CUST-1022,2026-08-28 07:00:00,1131.7,Online Marketplace,Delhi,DEV-CUST-1022-A,no,none
TXN-81536,CUST-1043,2026-08-28 09:49:00,791.03,Fuel,Hyderabad,DEV-CUST-1043-B,no,none
TXN-81763,CUST-1008,2026-08-28 10:00:00,641.95,Online Marketplace,Delhi,DEV-CUST-1008-NEW,yes,device
TXN-81077,CUST-1031,2026-08-28 10:46:00,1672.41,Grocery,Kolkata,DEV-CUST-1031-A,no,none
TXN-81539,CUST-1043,2026-08-28 10:50:00,476.79,Fuel,Hyderabad,DEV-CUST-1043-B,no,none
TXN-81024,CUST-1029,2026-08-28 11:13:00,2010.26,Entertainment,Chennai,DEV-CUST-1029-A,no,none
TXN-80802,CUST-1023,2026-08-28 11:23:00,580.51,Utilities,Delhi,DEV-CUST-1023-A,no,none
TXN-80443,CUST-1014,2026-08-28 11:30:00,1099.6,Utilities,Ahmedabad,DEV-CUST-1014-A,no,none
TXN-80680,CUST-1020,2026-08-28 11:36:00,3175.97,Travel,Bangalore,DEV-CUST-1020-A,no,none
TXN-81348,CUST-1038,2026-08-28 15:43:00,3279.22,Entertainment,Mumbai,DEV-CUST-1038-A,no,none
TXN-80832,CUST-1024,2026-08-28 15:58:00,3440.43,Fuel,Bangalore,DEV-CUST-1024-A,no,none
TXN-80516,CUST-1016,2026-08-28 16:08:00,362.55,Dining,Ahmedabad,DEV-CUST-1016-A,no,none
TXN-81485,CUST-1042,2026-08-28 16:32:00,1223.04,Entertainment,Hyderabad,DEV-CUST-1042-B,no,none
TXN-81052,CUST-1030,2026-08-28 17:33:00,1136.14,Pharmacy,Ahmedabad,DEV-CUST-1030-B,no,none
TXN-81513,CUST-1043,2026-08-28 17:55:00,632.19,Online Marketplace,Hyderabad,DEV-CUST-1043-B,no,none
TXN-81628,CUST-1046,2026-08-28 19:41:00,3381.72,Electronics,Chennai,DEV-CUST-1046-A,no,none
TXN-80736,CUST-1022,2026-08-28 21:24:00,1180.69,Online Marketplace,Delhi,DEV-CUST-1022-A,no,none
TXN-81674,CUST-1047,2026-08-28 21:30:00,1354.08,Travel,Delhi,DEV-CUST-1047-A,no,none
TXN-80288,CUST-1009,2026-08-28 22:20:00,893.8,Retail,Kolkata,DEV-CUST-1009-A,no,none
TXN-80226,CUST-1007,2026-08-28 22:23:00,1689.41,Travel,Delhi,DEV-CUST-1007-B,no,none
TXN-81298,CUST-1037,2026-08-28 22:46:00,1163.49,Utilities,Bangalore,DEV-CUST-1037-A,no,none
TXN-80463,CUST-1014,2026-08-29 07:10:00,692.44,Online Marketplace,Ahmedabad,DEV-CUST-1014-A,no,none
TXN-80391,CUST-1012,2026-08-29 09:06:00,939.14,Fuel,Mumbai,DEV-CUST-1012-A,no,none
TXN-80772,CUST-1023,2026-08-29 09:13:00,538.5,Utilities,Delhi,DEV-CUST-1023-A,no,none
TXN-80669,CUST-1020,2026-08-29 09:22:00,2766.33,Travel,Bangalore,DEV-CUST-1020-A,no,none
TXN-81332,CUST-1037,2026-08-29 10:53:00,881.79,Online Marketplace,Bangalore,DEV-CUST-1037-B,no,none
TXN-81014,CUST-1029,2026-08-29 11:00:00,3727.97,Entertainment,Chennai,DEV-CUST-1029-A,no,none
TXN-80599,CUST-1018,2026-08-29 11:13:00,3083.26,Retail,Mumbai,DEV-CUST-1018-A,no,none
TXN-81481,CUST-1042,2026-08-29 11:16:00,473.7,Fuel,Hyderabad,DEV-CUST-1042-B,no,none
TXN-80209,CUST-1007,2026-08-29 11:48:00,1664.6,Online Marketplace,Delhi,DEV-CUST-1007-A,no,none
TXN-80722,CUST-1021,2026-08-29 12:06:00,814.46,Retail,Hyderabad,DEV-CUST-1021-A,no,none
TXN-80992,CUST-1028,2026-08-29 12:16:00,332.25,Travel,Delhi,DEV-CUST-1028-A,no,none
TXN-81597,CUST-1045,2026-08-29 14:42:00,964.23,Fuel,Chennai,DEV-CUST-1045-A,no,none
TXN-80043,CUST-1002,2026-08-29 15:49:00,2688.67,Electronics,Delhi,DEV-CUST-1002-A,no,none
TXN-81562,CUST-1044,2026-08-29 16:35:00,1846.73,Travel,Pune,DEV-CUST-1044-A,no,none
TXN-80046,CUST-1002,2026-08-29 16:54:00,3290.83,Electronics,Delhi,DEV-CUST-1002-A,no,none
TXN-80159,CUST-1005,2026-08-29 16:58:00,1182.24,Electronics,Hyderabad,DEV-CUST-1005-B,no,none
TXN-80483,CUST-1015,2026-08-29 17:20:00,2889.62,Retail,Chennai,DEV-CUST-1015-A,no,none
TXN-81020,CUST-1029,2026-08-29 18:35:00,3770.83,Entertainment,Chennai,DEV-CUST-1029-A,no,none
TXN-81284,CUST-1036,2026-08-29 18:56:00,1060.69,Entertainment,Mumbai,DEV-CUST-1036-B,no,none
TXN-81765,CUST-1021,2026-08-29 19:00:00,503.87,Online Marketplace,Hyderabad,DEV-CUST-1021-A,yes,velocity
TXN-81766,CUST-1021,2026-08-29 19:02:00,941.13,Online Marketplace,Hyderabad,DEV-CUST-1021-A,yes,velocity
TXN-81767,CUST-1021,2026-08-29 19:04:00,678.8,Entertainment,Hyderabad,DEV-CUST-1021-A,yes,velocity
TXN-80457,CUST-1014,2026-08-29 19:05:00,722.58,Utilities,Ahmedabad,DEV-CUST-1014-B,no,none
TXN-81528,CUST-1043,2026-08-29 19:06:00,705.38,Electronics,Hyderabad,DEV-CUST-1043-B,no,none
TXN-81768,CUST-1021,2026-08-29 19:06:00,592.67,Grocery,Hyderabad,DEV-CUST-1021-A,yes,velocity
TXN-81769,CUST-1021,2026-08-29 19:08:00,1027.96,Online Marketplace,Hyderabad,DEV-CUST-1021-A,yes,velocity
TXN-81283,CUST-1036,2026-08-29 19:28:00,1218.15,Entertainment,Mumbai,DEV-CUST-1036-B,no,none
TXN-80023,CUST-1001,2026-08-29 19:31:00,531.53,Travel,Delhi,DEV-CUST-1001-A,no,none
TXN-80517,CUST-1016,2026-08-29 19:54:00,988.46,Dining,Ahmedabad,DEV-CUST-1016-A,no,none
TXN-81407,CUST-1039,2026-08-29 20:13:00,327.83,Dining,Bangalore,DEV-CUST-1039-A,no,none
TXN-80460,CUST-1014,2026-08-29 20:46:00,702.63,Utilities,Ahmedabad,DEV-CUST-1014-A,no,none
TXN-80058,CUST-1002,2026-08-29 21:17:00,3235.22,Grocery,Delhi,DEV-CUST-1002-A,no,none
TXN-80789,CUST-1023,2026-08-29 22:12:00,562.99,Utilities,Delhi,DEV-CUST-1023-A,no,none
TXN-80220,CUST-1007,2026-08-29 22:40:00,1564.87,Online Marketplace,Delhi,DEV-CUST-1007-A,no,none
TXN-81720,CUST-1049,2026-08-29 22:41:00,575.04,Online Marketplace,Mumbai,DEV-CUST-1049-A,no,none
TXN-80312,CUST-1010,2026-08-29 22:48:00,4232.3,Dining,Pune,DEV-CUST-1010-A,no,none
TXN-82007,CUST-1028,2026-08-25 11:00:00,4408.3,Pharmacy,Kolkata,DEV-CUST-1028-NEW,yes,compound_severe
TXN-82004,CUST-1025,2026-08-25 14:00:00,26783.41,Pharmacy,Ahmedabad,DEV-CUST-1025-NEW,yes,compound_severe
TXN-82010,CUST-1031,2026-08-25 16:00:00,6659.23,Travel,Delhi,DEV-CUST-1031-A,yes,compound_moderate
TXN-82012,CUST-1033,2026-08-26 09:00:00,6647.63,Electronics,Kolkata,DEV-CUST-1033-A,yes,compound_moderate
TXN-82006,CUST-1027,2026-08-26 11:00:00,19110.62,Fuel,Ahmedabad,DEV-CUST-1027-NEW,yes,compound_severe
TXN-82001,CUST-1022,2026-08-26 17:00:00,7329.18,Utilities,Mumbai,DEV-CUST-1022-NEW,yes,compound_severe
TXN-82003,CUST-1024,2026-08-27 09:00:00,24661.7,Travel,Pune,DEV-CUST-1024-NEW,yes,compound_severe
TXN-82009,CUST-1030,2026-08-27 11:00:00,11065.73,Electronics,Kolkata,DEV-CUST-1030-NEW,yes,compound_severe
TXN-82011,CUST-1032,2026-08-27 13:00:00,2577.21,Utilities,Ahmedabad,DEV-CUST-1032-A,yes,compound_moderate
TXN-82000,CUST-1021,2026-08-28 17:00:00,4703.16,Electronics,Mumbai,DEV-CUST-1021-NEW,yes,compound_severe
TXN-82005,CUST-1026,2026-08-28 18:00:00,6999.56,Dining,Kolkata,DEV-CUST-1026-NEW,yes,compound_severe
TXN-82008,CUST-1029,2026-08-28 19:00:00,26012.87,Online Marketplace,Ahmedabad,DEV-CUST-1029-NEW,yes,compound_severe
TXN-82002,CUST-1023,2026-08-29 11:00:00,3075.29,Travel,Chennai,DEV-CUST-1023-NEW,yes,compound_severe
TXN-83000,CUST-1041,2026-08-28 14:00:00,1142.76,Online Marketplace,Mumbai,DEV-CUST-1041-A,yes,critical_stack_filler
TXN-83004,CUST-1042,2026-08-28 14:00:00,966.35,Utilities,Delhi,DEV-CUST-1042-A,yes,critical_stack_filler
TXN-83008,CUST-1043,2026-08-28 14:00:00,2792.61,Retail,Chennai,DEV-CUST-1043-A,yes,critical_stack_filler
TXN-83001,CUST-1041,2026-08-28 14:02:00,1045.83,Travel,Mumbai,DEV-CUST-1041-A,yes,critical_stack_filler
TXN-83005,CUST-1042,2026-08-28 14:02:00,752.34,Online Marketplace,Delhi,DEV-CUST-1042-A,yes,critical_stack_filler
TXN-83009,CUST-1043,2026-08-28 14:02:00,2822.33,Travel,Chennai,DEV-CUST-1043-A,yes,critical_stack_filler
TXN-83002,CUST-1041,2026-08-28 14:04:00,1023.96,Electronics,Mumbai,DEV-CUST-1041-A,yes,critical_stack_filler
TXN-83006,CUST-1042,2026-08-28 14:04:00,896.14,Pharmacy,Delhi,DEV-CUST-1042-A,yes,critical_stack_filler
TXN-83010,CUST-1043,2026-08-28 14:04:00,2152.28,Dining,Chennai,DEV-CUST-1043-A,yes,critical_stack_filler
TXN-83003,CUST-1041,2026-08-28 14:07:00,7802.76,Pharmacy,Chennai,DEV-CUST-1041-NEW,yes,critical_stack
TXN-83007,CUST-1042,2026-08-28 14:07:00,6700.01,Online Marketplace,Hyderabad,DEV-CUST-1042-NEW,yes,critical_stack
TXN-83011,CUST-1043,2026-08-28 14:07:00,19249.84,Retail,Delhi,DEV-CUST-1043-NEW,yes,critical_stack
